temperature,vibration,current,voltage,hours,failure
74.96714153011233,7.099033154879003,12.974465175076855,210.46096221061305,1568.253197517533,1
68.61735698828815,6.386950524369153,14.566443987853447,215.69807494610248,1984.398255530458,0
76.47688538100692,5.089445554880261,12.622740237000116,217.93197233289177,2009.0084360222233,0
85.23029856408026,4.029594833441639,14.07611541108288,229.43843828670094,2236.315172921703,1
67.65846625276664,6.047334970420385,9.319155999138644,222.7827656226688,1316.5708183595868,0
67.6586304305082,5.590228078132625,15.639881122118815,213.32259215450054,2296.283636923665,0
85.79212815507391,6.342789830041598,15.003616426086673,222.4301814470882,647.8041841986123,1
77.67434729152909,5.9527577025229546,12.548734106795429,212.26348005530818,1685.057723818095,0
65.30525614065049,6.574329072979003,16.977737005297215,225.41345526943536,1755.8630787742277,0
75.42560043585965,4.1971471826591475,17.812710412879674,217.64437674091062,2316.663413035619,0
65.36582307187538,6.976091098451489,10.177320406893077,219.53181905630416,2011.3154263384345,0
65.34270246429743,5.296399407038599,12.711825664301358,226.62898323771094,1297.2184730718568,0
72.41962271566034,8.112891308937899,12.692572950638105,213.56418215707876,1507.5034370914923,1
50.86719755342202,3.9662182728656483,12.180290696673406,213.01440907443504,2099.3400047737036,0
52.75082167486967,7.603945704747874,17.488424525795246,217.08200336826997,1960.4663290677217,1
64.37712470759027,5.296866175193972,14.418521583681589,225.19189425509657,1710.437945182127,0
59.87168879665576,4.022872994578328,14.206455476068168,212.4032696226158,1759.5831052440103,0
73.14247332595274,4.274171248918518,8.98841290677974,205.83922200944716,2348.0839985796447,0
60.91975924478789,4.519479037708519,16.90625409062768,217.74420570795502,1741.1537135653925,0
55.87696298664709,5.636248919602875,11.282224815439582,222.7587039995546,1955.9543779854635,0
84.65648768921554,5.784253232053249,15.179797890798985,226.00130874869416,3084.9682940402713,1
67.74223699513465,4.139449994092131,15.832130813874574,217.684193189573,1288.1586815580386,0
70.67528204687923,4.963468111608526,19.08197578751595,217.94286696441998,1074.0786342126707,0
55.75251813786544,8.213405537917795,11.073538802642663,225.76950367127873,2391.7948323993032,1
64.55617275474818,7.591314755151068,5.941463532537524,210.6512915015229,1660.6784693529485,1
71.10922589709867,5.654485504511048,15.551548634261085,218.05739612408496,1840.8812361286898,0
58.490064225776976,5.057005217252301,20.401533544532562,220.9521194496253,1609.4218109344429,0
73.75698018345672,5.1800469900773916,18.716839058818312,222.24609360642518,1870.0999296162438,0
63.99361310081195,5.9202769590956255,15.628978245823877,217.4509665340456,2799.2690560481706,0
67.08306250206724,3.4658111522023916,13.525091443103857,220.17220505852922,2401.0642293090596,0
63.98293387770603,4.613935193864982,17.42136778991193,207.55836323293505,2431.111755943489,0
88.52278184508938,2.497123889183616,12.079361400886594,216.70875793833076,1291.886472103677,1
69.86502775262066,5.598834683907919,16.42907330806866,222.26754356277235,1424.4231317235653,0
59.422890710440996,5.970793909554112,16.516410477499882,215.0885298287266,580.4606702572864,0
78.22544912103189,4.275220306550939,18.18062972249664,220.294921107948,1595.3095894586231,0
57.791563500289776,7.360980144935049,23.278980116733234,222.2343625040135,2478.351593192829,1
72.08863595004756,3.161351505496488,16.1772479015363,218.28725399571118,2258.4732578741855,0
50.403298761202244,2.8034376796852696,13.473109122877503,220.85231885498285,1889.243368523938,0
56.71813951101569,5.336677727839958,14.923277063424017,215.18633717357693,1988.8498581409735,0
71.96861235869123,6.570647453918232,9.692772285332644,218.96694360151977,1655.5572287122973,0
77.3846657999541,7.525891537186803,12.915860606732824,223.0510808479461,2102.379441200892,1
71.7136828118997,4.31167360569659,13.772152685660688,220.78486480484216,2382.9391397403074,0
68.8435171761176,6.618021250146944,13.427734806196222,217.0673436521803,1192.0566062947637,0
66.98896304410711,4.9422372957489396,15.457064616101166,221.12108202145396,2149.823843918674,0
55.214780096325725,4.74105905008877,12.532740202853399,223.5730489531831,2466.2174354773338,0
62.801557916052914,6.3254899062300085,18.363092001973413,209.7502936071126,1792.4498555183152,0
65.39361229040213,5.978484317620129,15.000621194754592,225.7953703247795,2350.3503060602916,0
80.57122226218915,2.635411764523626,14.972099036584156,218.31872630659464,3407.3272222362766,1
73.43618289568461,7.214810524588843,14.016315850461247,222.12744966620116,1947.8286035065541,1
52.36959844637266,7.0701370312211775,15.465572051576938,225.98623461822615,2196.653525002662,1
73.24083969394795,4.061655947735706,17.475294794002906,213.14163151384767,1630.9714581693042,0
66.14917719583684,5.593705300156113,12.398609352867298,216.45279498786226,2090.6255813010252,0
63.23077999694041,5.7410452794241085,13.02565053277423,218.55725652062148,2230.135812491152,0
76.11676288840867,5.391010648735861,14.088821913670007,216.08123239437785,2097.421170135069,0
80.30999522495951,4.174542269231869,10.962387229580354,228.67468287918405,1490.1523401455715,0
79.31280119116198,3.9925649480929226,12.542226420835506,215.71613953086603,2103.1808856627254,0
61.607824767773614,4.961668893512832,13.571337379366023,217.22226610256567,2731.0979693588183,0
66.90787624148786,6.759093528889047,17.623167542138184,221.0219451580149,2224.3178822572636,0
73.31263431403563,5.8154002318916485,15.787683987005774,213.98925236961955,2480.9935945359207,0
79.75545127122359,4.444078501870841,15.580769734102633,218.0215964412187,1881.494014993686,0
65.2082576215471,6.157548065972517,17.552693886503917,221.58726630625088,2374.950119711855,0
68.14341023336183,0.7271860690548868,14.58788463480181,218.33569797808744,2139.633919108263,0
58.93665025993972,6.723148550558156,16.17139454978667,219.53306570550026,1524.544635156384,0
58.037933759193294,2.3904293318328507,14.690334741202511,217.35333943775814,2159.2605023994374,0
78.12525822394198,4.456338587895302,15.796087048198885,212.42764845409616,1504.1516682798447,0
83.56240028570824,3.320495158060784,13.251724027165254,221.6079660566962,1683.559862557604,0
69.27989878419666,3.0579777864186415,7.683548525170712,228.7746653582362,2094.664153646187,0
80.03532897892023,6.741240181067779,14.597162513441088,220.0920081539172,2148.6221366900622,0
73.61636025047635,4.298448198032163,19.26824440829982,221.12632058623774,1405.3837674614356,0
63.54880245394876,5.519755822596074,17.778646206724776,223.4636137755843,2526.992885591438,0
73.61395605508415,4.929619131681224,17.896192453773512,213.6533475172665,2286.0031391502366,0
85.38036566465969,5.715561240834682,18.708392165418655,228.51257329064802,1647.635782194558,1
69.64173960890048,5.115232836590383,15.265972772884313,221.011643982114,1231.2076017754123,0
85.64643655814007,3.075511663717146,15.591947122216787,228.15928449544555,1927.5477104592844,1
43.80254895910255,6.49440022917071,13.147044313696949,216.33483502238005,1777.02814306942,0
78.21902504375224,4.259365125258031,14.051781431918851,229.09030961278913,2056.5702285265115,0
70.87047068238171,2.665127152010373,16.847313449313425,223.87577747017392,1818.4416694222168,0
67.00992649534132,4.357827258551131,18.611653311506448,222.7652004292618,996.2715696274951,0
70.91760776535503,7.2511396859514665,14.581661172957002,221.17012227176573,1805.8265308494208,1
50.124310853991076,6.27533261317024,13.649432205445766,218.75735690962776,1847.1904444658435,0
67.80328112162488,4.477021798388211,15.001583876569791,226.00265829236938,2316.8305123870296,0
73.57112571511746,4.476113443522356,16.803620246787343,220.70179934924025,1650.900162694475,0
84.77894044741517,4.5175474231739265,10.668435551599375,210.16465148206424,2839.337336686283,0
64.81729781726352,8.11512197534126,8.111457140588286,214.414067691465,1044.1797246741214,1
61.91506397106812,5.57290317834733,13.34838945152525,219.07077123903628,2655.583748901312,0
64.98242956415463,5.645062470786605,11.337862722257524,221.54999491582777,1887.8405145609477,0
79.15402117702074,6.545425181047763,13.475579407058067,219.71705755550053,2429.7924361717783,0
73.28751109659684,5.35818373853977,14.556659043547585,226.0948539489683,2039.9007420293665,0
64.70239796232961,4.611436781268945,13.640254772930959,210.2444906798069,2569.7777680127347,0
75.13267433113356,4.705475226372533,19.357402603412236,220.7179396825258,1806.3190177235945,0
70.9707754934804,4.892598110878904,15.98023429380696,210.91010387306423,1450.689787411094,0
79.68644990532889,4.944166645235238,15.901423078832485,223.79856147742083,2710.2521436355314,0
62.979469061226474,6.09144431545547,16.866621432130206,219.52770642778998,1943.2596770589294,0
66.72337853402232,5.077918828710949,11.583500646657694,222.0980498601206,2110.7792368121054,0
66.07891846867842,6.098960115823369,18.117335362260807,215.68058519705116,2617.3759570223974,0
55.364850518678814,4.878925129837127,14.77270714039362,226.39732465828877,1484.0223789527827,0
72.96120277064576,5.117952785474136,17.01144185172364,225.20862332029427,2297.7454488196286,0
72.6105527217989,2.0026989732018388,11.784428300879533,222.91772151505944,1705.0526217685547,0
70.05113456642461,6.374491512053722,10.338723701951807,219.3524137656828,1933.915322177814,0
67.65412866624852,5.519732713846989,17.453668974075086,222.89928642647567,2036.1394826921444,0
55.84629257949586,6.497015164789478,16.12922857829255,216.46553716006326,1249.889069276532,0
65.79354677234642,0.6556169327094663,12.293845336927468,224.27777829510356,1610.5814785897826,0
66.57285483473231,8.132562057171091,12.391010756175916,228.2474044716196,2675.5364462065695,1
61.97722730778381,4.790615557767239,18.376304353244308,225.35305279989592,2443.095594292398,0
68.3871428833399,6.662274225106275,11.431764321398017,216.35198765096294,1968.6802113363826,0
74.04050856814538,3.440141109311704,19.92801885976789,221.80708658636553,2121.5617292564466,0
88.8618590121053,5.919160857593854,12.298137796056395,213.53429228120677,1852.8787471817711,1
71.74577812831839,3.419876655239516,16.915175776825148,222.8619515558784,2678.291692913991,0
72.57550390722764,4.064346558956292,14.014144572753047,222.2530170643127,1899.823711102918,0
69.25554084233833,7.871047030800179,16.80956229324703,210.6509183023392,2115.921046067424,1
50.812287847009586,4.71397639885498,13.367657993657422,214.19108078043817,2573.0150720710326,0
69.73486124550783,5.326149309769584,14.511621281783118,218.58430551628118,1611.3142575770466,0
70.60230209941027,6.305101596033131,15.122757526187163,218.49570126429586,2779.394592248447,0
94.63242112485287,5.743522831958907,11.993437632655581,213.95261532290598,1234.7692951283116,1
68.07639035218878,5.225628357715364,17.22247303626038,221.94489364676093,2814.8210655563994,0
73.01547342333612,5.547441503699338,13.460359300585244,221.25736804470256,1813.6622080240127,0
69.65288230294756,8.605123377857414,14.314200253979944,219.0286543401074,1878.6506260873591,1
58.31321962380468,4.913571804449622,12.016951876174463,216.22104249920818,1054.9949144085285,0
81.4282281451502,5.301648570072452,7.3129990236140685,225.24353563208282,1772.6026413111535,0
77.51933032686775,6.575981594011418,14.426916712199493,228.27703556544148,1480.096734486558,0
77.91031947043047,6.658288899436975,22.237846264838748,217.58219258076733,1696.1768273132636,0
60.906125452052606,6.78054545834057,17.35381286369407,216.9391654142259,1931.3445171055603,0
84.02794310936099,5.958095333043777,14.942218860796816,222.45603832705999,2478.895807236453,0
55.98148937207719,3.2854926309042747,14.211327512375197,218.20985310126508,2103.801675700313,0
75.8685709380027,7.450147298451644,15.067397678436139,219.30301399668383,2153.838326700557,1
91.90455625809979,3.280481910471968,16.64135734552563,223.69826575862336,1452.2403055772188,1
60.09463674869312,5.453953197858549,11.457561554073465,210.45321956246354,1559.6229551986348,0
64.33702270397228,3.8685862249709633,18.342965084006615,226.59151162426335,2899.3625091756558,0
70.99651365087641,4.9037924801105115,17.146143946323733,220.3634026216467,1632.3994826183766,0
64.965243458838,5.493143615455221,17.154557177123802,217.9425342771891,2828.104126028648,0
54.493365689338674,5.482035823175409,16.315427216429182,219.55382922889277,1878.4694005595668,0
70.68562974806028,5.632881131352927,15.05884997308197,219.8121467751026,2001.143968071752,0
59.37696286273895,7.420566903587971,17.01858370790046,211.34399348277537,2535.182580114965,1
74.73592430635182,5.68030145227097,16.775442401224133,227.47469113726618,2635.946210969328,0
60.80575765766197,4.633765047064027,13.937877867176928,220.20662816135308,1944.5937198604563,0
85.4993440501754,6.446130752432536,13.279194681309297,222.21501065223688,1805.8784732392305,1
62.16746707663763,6.784205733386961,15.30556888578596,224.7577488528702,1972.0397757388935,0
66.77938483794324,3.1585882772945113,19.647060454485562,214.8941877121985,2168.978764116059,0
78.1351721736967,5.896100104774787,11.282678773038297,222.36735949517615,2445.6518434348777,0
57.69135683566045,6.051759113466348,10.59742420274268,218.66179454550604,2002.1149294970758,0
72.2745993460413,4.553654744960012,15.49428252370955,224.23385387608246,2309.4431490115767,0
83.07142754282428,7.063560219967429,15.152663105568054,209.36386289824253,2819.1798661354705,1
53.92516765438772,4.77491661945121,15.520024993111225,219.50452849879366,2190.6548061323924,0
71.84633858532304,5.188364680207314,15.7318595937255,216.9858967210802,2155.826428002389,0
72.59882794248423,4.740392263574195,14.330393236095585,222.16131475317079,1240.544587454966,0
77.81822871777311,5.023368571372202,19.469590315806247,222.350220936841,684.6349315854684,0
57.63049289121918,3.355587369657197,10.197288064570454,216.46187052588988,2194.187864615084,0
56.795433869157236,2.8399236761085582,12.514508925659262,216.43913067911978,1952.587884359564,0
75.21941565616898,7.3917575948374585,14.690235719552858,219.44667315721335,1742.608662542629,1
72.96984673233186,3.729557977522508,10.070433566537499,215.51678886342395,2121.765102093172,0
72.50492850345877,3.5129114758155393,14.472436786703787,224.20991847726063,1969.7981354015458,0
73.46448209496975,1.7699148295944278,19.984410497184054,218.15396399776276,2563.8901253169493,0
63.19975278421509,4.041557378465747,15.062659464887885,205.4650589033918,2043.055434129489,0
72.32253697161003,3.0153653098887525,15.69210271715605,218.12588971689098,1626.5383574649163,0
72.93072473298682,7.463022740204554,11.219505704482259,214.80728089578014,2495.0831194796447,1
62.85648581973632,6.514725634013951,13.150915775881568,211.84362092269527,1891.4344625268986,0
88.65774511144757,3.9677744822334144,13.874410859028188,213.81286680888715,2263.2683418361535,1
74.73832920911788,8.378653708016463,14.046854709731297,220.54704235916486,1761.2946469035999,1
58.08696502797351,6.472648230487391,18.844931385011307,226.64320414124114,1675.0865572512819,0
76.5655360863383,4.512752924737066,16.673073182175372,221.5659223693249,2042.0841150928482,0
60.253183297726785,1.2508914276896403,11.665626129188905,216.9674830589213,2006.4143217718427,0
77.87084603742451,8.436413858886112,15.739514335296015,222.2795209758535,2239.9135176834166,1
81.58595579007404,2.915641299854606,16.494665245490356,217.70454844890503,1865.6771233451286,0
61.7931768164829,2.5319018795646624,18.4204471155638,216.52699815418427,1081.8201081148013,0
79.63376129244321,6.533855648014461,19.741622059705122,214.22818665883509,1783.6130582058056,0
74.12780926936499,8.659628609508909,11.954717424516394,211.2408559662414,2396.909233571908,1
78.2206015999449,7.076409227765778,12.567427466368986,218.05038146720278,1851.3119603784467,1
88.96792982653947,5.84586368007854,11.22726642325615,220.79026744960066,1876.808298742726,1
67.5461188399713,5.892131512497929,14.297940422679055,219.51688164992555,2493.1882529529685,0
62.4626383564251,6.280123338170462,16.399075123339003,217.9201653602632,1644.0133863705387,0
61.10485570374477,6.138392884680147,17.962003549767307,215.2712696965161,1228.5983908785502,0
61.841897150345616,5.421787135954064,14.772146929072433,223.04123095842485,1919.6844402372528,0
69.22898290585896,5.156301655927814,14.040457430235469,213.41434040026706,1757.9130243756315,0
73.41151974816644,4.9061103081507165,15.455273976746222,223.88013956921736,1516.8768401233729,0
72.7669079933002,3.8690531166999858,12.494571295109932,214.98891490536639,1912.3107720506546,0
78.27183249036024,4.578987384699839,21.26861616508432,216.23782381323483,2245.752823623392,0
70.13001891877907,2.460564778706922,10.177016918645824,212.6660740469216,1995.3557192160922,0
84.53534077157317,4.852490559807875,15.554221736687174,217.49298926557182,2153.490536343119,0
67.35343166762044,3.5171133392736236,21.070818657688918,224.8765622923899,2906.7038492577117,0
97.20169166589619,3.344616024176344,15.020399533679994,222.5781404422198,1828.560569221218,1
76.25667347765007,5.269841226730218,14.429882894995517,224.89211056014017,2139.174317322335,0
61.42842443583717,7.088003429516899,13.927663731568718,222.61071272966967,1745.3933187004327,1
59.29107501938888,6.377474909003469,14.458824954712776,214.48165085734814,1576.8201400565135,0
74.82472415243186,2.6442490945652346,19.11854542402959,218.34605387836223,1707.546173291115,0
67.7653721467415,3.5155577951444936,8.36441426601148,216.0990043544127,1760.6207142391556,0
77.14000494092092,6.411156781982324,19.600301103888977,226.6528745201952,2179.737898773563,0
74.73237624573545,3.5262689096925355,10.728128542649564,214.01605676786843,3174.537893350379,1
69.27171087343127,4.663050275004463,14.200043012296756,224.46848844694554,1641.9782818620797,0
61.532062819315954,5.825078148536828,13.712266739104015,224.46476935054383,1791.6873471922688,0
54.851527753141355,3.547483317704547,16.765659809312158,229.14810100858043,1968.4384934443758,0
65.53485047932979,5.15806325921894,10.205626944348758,217.9515670368525,2197.8994243548736,0
78.56398794323472,2.9989617576226935,16.38651799824583,223.5616107979008,2131.7754059773924,0
72.14093744130204,4.097948534073179,21.072928869860558,231.40825918269422,2642.047896974059,0
57.542612212880115,5.479672901213806,10.910477986221569,216.9117916153315,786.8039647323958,0
71.73180925851182,2.610509399702496,15.569118502831188,212.3247987623382,806.5350649021636,0
73.85317379728836,5.660712106940599,13.014053466610173,210.59994983046118,1752.0609139949254,0
61.16142563798867,4.970543301609978,16.277661618579106,223.56356014430665,2548.6500937718542,0
71.53725105945527,5.828734931625721,15.057443332247257,210.58424895970708,1217.1759841972018,0
70.58208718446,5.335871201096992,13.075539272867072,218.1384047353104,496.18383015312133,0
58.57029702169377,7.046210644960766,16.46361685461322,222.1865659351948,2285.589703109604,1
73.57787360348283,5.187836753971861,20.41304432936023,220.92587768414958,2121.828611851357,0
75.60784526368235,4.355891688312121,14.427288624818104,222.12722432092087,1454.8957966002852,0
80.83051243175277,5.183446254548426,17.159273826444547,221.11144927900426,1507.230199639535,0
80.53802052034902,5.814947043554582,11.120181126386509,226.39432906656697,1515.1281401826627,0
56.22330632042909,5.073290105488557,12.130690869545974,215.23841809630602,2055.26765873697,0
60.62174960084877,5.060887536805824,16.417218833641133,216.61502430770733,1686.8423619084965,0
75.1503526720866,3.947012468289867,19.452348085607895,216.13670277364588,2247.0319594877597,0
75.1378595091221,4.0056486236735775,16.06684004635698,224.15095905931304,572.6866685478044,0
75.15047686306048,2.8960920923004596,14.060825908430537,224.50199294197532,1571.5740674361004,0
108.52731490654722,7.624365114780409,14.997874216270063,222.25612659659254,1436.973019544475,1
75.70890510693167,3.1342051469130725,11.248776798090848,225.91746833444964,1871.829660813754,0
81.35565640180599,3.960642203306139,16.8135459790661,214.1097956631181,1730.9761207549307,0
79.54001763493203,3.922389101646204,17.646999186970227,228.3361205577557,2398.9218899478833,0
76.51391251305797,6.342386565416662,13.643729001500759,227.61619310856128,1070.331614169971,0
66.84730755359655,4.557575482561958,13.589873556721496,223.67810998622872,2022.745738165376,0
77.58969220493267,6.8716131090106005,15.797634688956146,228.9089945438553,2279.168211605853,0
62.27174785462428,3.989764063634197,13.689840791878213,211.71688396161113,2928.323718280977,0
67.63181393259991,5.418491243335703,14.801602156122533,217.37775931868674,1759.1170144532625,0
65.14636452170896,3.746979420110364,21.299165367499548,216.32348269659025,2162.2293021762584,0
70.81874139386322,8.217723691660083,14.25892289776201,223.6073966187867,1098.0686037188175,1
93.14658566673509,3.218602371455731,13.924979543936333,214.74929630198926,804.0218978434882,1
51.32734807408252,5.464731065340541,13.057374583094523,223.78747574668742,2422.38718789085,0
76.86260190374513,5.950665321398148,17.23257591449981,226.85268071998357,1997.2198531759648,0
53.87284128810349,5.620698646177248,14.45632748034569,223.47601450042,2589.2563448992114,0
65.28068134210567,4.722068511683437,13.051880885035722,221.4187551183075,1313.2985555151254,0
80.88950596967366,4.805268950399861,18.963912096819037,215.06063329549625,2259.9510697643764,0
70.64280019095463,5.065717207968665,19.258809013540912,215.7657451693732,2934.4089202719265,0
59.22255222070694,4.779496997557267,13.198729302783885,226.24809452648333,2209.852804178633,0
62.84696290740032,6.445818675192364,9.400380145918152,223.89674501952666,2138.2907527955244,0
76.79597748934675,8.315784502387027,18.022541069510766,219.80490240311227,2004.278040412175,1
62.69633368282864,4.16376232248825,12.946110522719987,217.91045227117056,1214.559271437044,0
72.16458589581976,2.945295530631383,17.371876797488305,209.87096063444312,2677.786467855174,0
70.45571839903813,4.8675769274731175,9.089688546864494,214.6457379065778,1694.571180097467,0
63.483996523941826,8.869564006481479,17.67779201489793,229.5570954356986,2252.2416281915084,1
91.43944089325325,3.794488148045404,11.366484212157657,213.59772214498767,1218.4828467143732,1
76.33919022318011,7.458675208166101,17.192292357199573,220.9473991061054,1410.2701677461098,1
49.74857413342393,7.516551221114661,15.042819203509302,225.037219865976,2717.5436996111175,1
71.86454314769428,4.169617637438008,12.138181741810065,213.72538665998854,1826.3488555210786,0
63.38213535231612,5.853474618777913,13.778891061219658,220.9235523739054,2726.6377380212725,0
78.52433334796224,7.442594934692807,17.058955370870102,224.68957768755328,1960.8846704707412,1
62.07479261567299,4.43130838851877,15.317683359345702,220.06249660953625,1079.0511135210713,0
68.85263558533102,4.694629459846458,16.753238941417454,234.34201527833383,2446.03379986586,0
75.04987278980457,4.127478629077034,20.929321753546457,211.65700370560901,1705.053841122196,0
78.65755194170121,3.4778649039606995,10.307275164866846,225.29364264941938,2349.344406758522,0
57.997035929442234,4.026083682400989,19.85163772490587,219.13599131301768,2012.6054337700411,0
66.65498764159051,3.164089599856615,15.313067812569638,223.85960077418338,1228.4408860285648,0
65.25054688839043,5.051125202388839,12.303647855030615,222.20653575849622,2082.1473826852844,0
63.46670767426288,3.8450401534120373,11.00905912278303,216.33421901445,3098.1115710763997,1
87.65454240281096,5.350678867686121,14.4326388276689,221.1449819622967,2246.49322925723,1
74.04981710960955,2.666156530694559,17.764950335773378,210.71049274300856,1971.2411234972685,0
57.391160456649544,5.496320348321685,14.617352638867397,223.01623750285697,2537.671700978449,0
79.17861947054776,6.250293442413387,19.533464790742045,221.49079232995263,2105.3342326015554,0
91.22156197012633,2.009396536142817,10.646472929845324,223.19330084321552,2104.767115131397,1
80.32465260551147,5.561084854771358,14.963733156461837,225.29059162543575,1454.1874139204488,0
54.80630034045987,6.841503488709938,11.242819666760642,221.83809920104855,2116.924012894799,0
65.15765927133748,3.185538471963192,16.090895647874902,220.74044709899138,2517.7217082084726,0
82.66911149186623,7.508858580256555,17.6606621702919,215.59465831669354,1581.9689239499876,1
62.92330534381219,5.6285285140490675,13.73771461895684,216.43889618175476,2712.2479106234737,0
74.43819428146229,3.9424822163623867,7.187358430118597,225.93367310088666,1954.146987927437,0
77.74634053429337,4.916346383513441,15.596844440389484,227.1816770285299,1556.1152442307298,0
60.730695284219166,5.837490368782584,16.31021565520053,218.80944781843974,2498.8160384601224,0
69.404746439382,5.114008087118617,16.212884264885094,220.23001373626636,1856.6028821308653,0
37.58732659930927,5.808133988669554,18.707346575466463,215.47692812503118,2379.757443743054,0
59.756123586657104,3.6189896103809507,11.786838961052855,225.86378422633723,1854.1206838707315,0
67.4743184860684,5.254041236054117,17.040648316351348,223.32708411845888,1970.0869282350482,0
57.52216818035151,2.8794282546425296,18.577522537433925,229.70608718231875,2246.7801021671457,0
86.32411303931636,4.83316090797695,9.664237247980449,215.6083846141013,2145.448528795003,1
55.69858622039367,3.6441385378028155,15.958955477756932,218.1099605049089,1002.2341097741307,0
65.59955513303017,3.8967050861153503,13.487460506976985,221.15722961262787,1439.378129952804,0
71.30740577286092,6.854139762815656,14.755431980695063,223.23244768862887,2464.7049923954078,0
84.41273289066116,6.636965180891403,16.04302945061501,218.92166181226185,1933.9317055492263,0
55.6413784882056,5.913707181360765,13.538314307659343,215.6351945477315,1738.1343486142891,0
81.63163752154959,3.3615308529911316,12.972875762515164,224.40703764461784,1320.7129923712628,0
70.10233061019586,4.525387325457797,15.102457252464074,223.60567681272792,1460.1318393620759,0
60.18491348952049,6.819646549968775,11.738262183411592,215.41862949718137,989.1006800190263,0
74.6210347426327,5.212575370459857,11.742524613344443,226.77721400552747,1949.3596406492336,0
71.9905969557347,8.478994309972542,17.03811984886951,225.85099354598302,1700.7812097094766,1
63.99783122841205,5.589976759091558,11.55361789452403,220.67148248623897,1516.7060545073423,0
70.69802084990019,5.288073674735047,16.998937502727635,220.3979893118802,1965.9382874160235,0
66.14686403138239,4.536325303696248,16.387773878561852,222.77028885557954,2181.985315426369,0
71.13517345251248,5.200311357173423,9.82257981362821,215.6914846487187,3046.5989661049725,1
76.62130674521046,4.771295245429184,12.967306042993034,220.1501573958204,1244.0582902183933,0
85.86016816145352,6.062163015032885,18.58232820914212,209.2380822769541,2579.690521650261,1
57.62184501173151,6.435053475191876,12.056503406580955,224.3822782275147,2486.550780507536,0
91.33033374656267,3.8210158092380757,13.606787213071836,212.19253388779072,1610.4536303116497,1
50.47912200477498,3.003150569663333,16.386182679755688,227.51709914214499,2101.6179772930154,0
68.48214904964416,2.245691940345055,17.350171527847785,218.34939953016774,1771.1833753311923,0
75.88317206484577,5.761986990368816,14.245383341866512,218.94166509034412,2092.8442902093693,0
72.80991867735032,3.3449500907391894,13.207469415925075,216.86133046957747,2754.5655067022753,0
63.77300480179406,1.7706641105712757,19.267109585095522,218.5598056303896,2302.8031163156566,0
67.91877749642725,5.582867906796446,20.216698991392736,227.09265672574017,2254.304186616721,0
65.06999065341168,8.739499276149186,17.936574152345386,207.56095671732461,1784.8453400226788,1
64.10635243055789,4.99089363269016,15.255954427695071,226.38482693044094,1257.9716675378324,0
78.49602097021025,6.257736161677463,12.57520283507722,221.69011740550854,1895.765894729796,0
73.57015485965047,5.122744037821348,12.508666780330305,213.96489176071393,2603.3040774319575,0
63.070904047393455,4.851665520213286,16.567542315797272,214.6234380347538,1236.4160717051764,0
78.9959987543325,6.378614724481653,16.25519466266605,228.381965136041,1472.4553159116524,0
73.07299520876609,4.564588183717023,19.204795778839287,215.27246560028635,2063.133868117034,0
78.1286211883896,5.401088471107855,16.951350277608416,214.2332474470202,1507.6726075763688,0
76.29628841923612,5.48254670929402,10.490759094720545,225.68657271182366,1603.7382764423937,0
61.710049890779274,3.997864319535427,18.155842853168757,221.69276438142958,1788.2007091359114,0
64.3981895980303,6.488063524304784,12.005818118056762,215.310372117318,1317.1912979049252,0
77.47293605123262,4.737560364956887,13.848086184142945,221.0831248770231,1512.9390768918158,0
76.10370265433465,3.8663822607607328,15.750600618755083,214.87123658179863,2351.713958393654,0
69.79098406035853,5.804764765355605,20.987002469351893,225.50410699211304,1346.315108884518,0
71.17327383308782,3.652298027313444,24.329755668016084,225.30685482436567,1201.0639327525812,0
82.77664895788425,5.042271736053692,16.820169177408548,222.66003099410972,1684.987510233053,0
64.0842861116417,4.986321505033695,14.450410143838836,221.80830530623507,2365.9777512549226,0
75.47097381170038,6.628843348747367,16.60351694544165,228.80594062433687,1901.5390960015552,0
67.97807347566106,5.7120473493199295,17.662966277621507,219.99843163694112,1767.7094609421908,0
67.82318796772779,4.962459561882284,14.037997123328426,214.090629372896,2022.1793987578035,0
80.9877685198719,6.226649448800431,20.385634067736966,222.24736956416154,1127.146283570174,0
78.2541634898803,7.0853113235259695,15.690212277574206,230.43023524768557,2247.352826887516,1
78.13509636000639,5.8367154595277935,16.49322926727418,214.92620253407074,2191.717515701822,0
83.05478807154329,5.015528929765071,16.997772756163386,218.19268616653008,1795.3457629521395,0
70.21003841632759,3.032245651474761,16.264759831843367,222.08223019050726,2502.9622558982082,0
76.81952971294965,3.402329505386941,17.516821501408835,219.7304757549713,1436.2519505234807,0
66.89733243406543,4.542162943467998,13.148240440359231,215.08848209811342,2563.9544966267845,0
73.24166352488442,4.0857316967610755,13.325094738161908,225.60928928115234,2077.2468327976258,0
68.69856945632316,4.7195430455218315,11.699537301084916,231.60020361008628,1831.7237050609133,0
70.96995964992718,5.084974887345661,16.31850369186068,220.98065729511953,1990.0631823158442,0
75.95157025436913,5.794539131535096,17.33680951053634,215.47965855132,1946.3676170945291,0
61.81779316766527,4.894251832911364,16.373318598455658,212.25519737473263,2610.1414482088585,0
90.9238727568546,5.729752465739303,20.02347730004261,221.2898799061059,1461.6604362644932,1
59.93982618500298,5.096711622215181,14.98321194351286,225.5193867165813,1618.740380426701,0
57.85811387212268,2.036800150469193,17.006224966777538,222.37583873247692,2518.1514460362396,0
81.58110873500068,3.5909969092718685,11.724897371582056,219.98798079540572,1702.2325324080703,0
77.91662693962935,4.783868666417577,13.838700892576798,217.05364174105347,2450.266538665796,0
76.24119817052156,3.1854578857383387,17.08661327269733,214.53918183640954,2849.717991504355,0
76.2834550926428,5.899893094994306,17.547306332229432,224.1737566316244,1799.1024865291831,0
69.87753227153085,7.296126248515546,14.118099157007453,224.56885810692793,2340.6811632876525,1
61.02745628514168,6.828142777545975,14.785202244425799,212.27135106654634,1423.1538593300706,0
70.75804558193727,4.679835693604688,10.446378759957572,227.9491948909034,2377.3666490339047,0
63.22838288487888,7.2360892052749275,13.928912397580172,222.87035610447,2099.711992993384,1
79.7511973341775,5.2230011858031675,17.67114949055936,226.99797322572897,2236.5191410801076,0
68.52942618497862,4.494371043322941,16.7256150483197,213.28936125757443,1677.2139639823026,0
61.745028032074885,4.079896004688591,16.501997164143628,213.1708792229228,1169.4582922164136,0
66.78614158347007,4.546295470267808,15.14932106154288,219.25515345116352,2251.6260323747524,0
74.12931454275625,4.417734772188156,15.02118947588453,222.51392213447596,968.2984237602727,0
64.36275447196026,5.255624333563231,13.019036581579659,228.98180411463483,1841.3247538787325,0
61.77779604433569,5.240860971574797,17.096485260607604,223.53039456907567,2470.590933209985,0
72.43687211491913,5.004569030230122,16.262918833168168,218.78659361593984,2095.948867936518,0
72.44966571108722,5.655407254619525,16.476056543978398,214.86815396167054,2974.1713223949064,0
64.9305682462887,6.7859694121795116,13.421895471997258,226.15000286359574,2512.554576290887,0
65.28961694381677,6.4243312031619855,8.539971240386267,215.17647287124643,1673.0508058372118,0
72.32049937357637,2.7726530473251447,18.291458135261088,228.1423427738616,2013.6566899257193,0
55.51915658502676,1.169118297647068,13.563487631974787,218.57807675196744,1976.314648727782,0
55.92536225623445,6.40147986685891,12.411672707870638,227.95291036308925,1208.9116183269364,0
62.81555778747564,2.9496819523768685,17.08043673574198,223.3946564502964,1529.8005417578233,0
67.86552848288153,4.662851897160975,13.82396208024261,219.3150225527877,1719.61954651007,0
73.10907565598005,3.244830460910961,18.179809152139867,217.40301814086936,981.8897485720317,0
84.75356216949552,2.2970293436299705,16.85101784873009,218.2954606132696,2023.7467341258214,0
78.5765962320202,5.812194092307182,17.050707969601433,222.1415834618762,1875.4640776734796,0
68.40061470036574,6.13873274045397,10.902132866398397,220.3857824810886,1163.553049344213,0
69.80983792097311,4.135234398909921,18.6358319561592,217.03094295965647,2202.106432638666,0
59.97470635362191,1.1134365617826352,15.783751593701568,219.17184294841184,2357.93637234548,0
69.8148686400761,4.180633327621276,13.892168582261391,220.39288514859575,2113.5172394324445,0
67.11341361079862,5.58770600810382,15.430165402026754,209.35632952792594,1837.9659123955148,0
73.22718560338089,2.7816326468388066,9.67129430130504,222.29084057394348,2295.7210758759275,0
61.727690564476774,5.275039879668734,16.225958434442013,215.10139387641595,2340.1101802383455,0
75.19346514241172,4.977035226240507,11.911885475453786,214.23333798397127,2153.7017848598443,0
85.32738913002578,5.8689372494016325,10.941989142469396,211.56327826444644,1587.6938747826196,1
68.91239851543142,5.17937055262123,10.432922441346326,211.03053751066054,2138.3003827555904,0
74.01711722098942,3.540396588677667,18.338065124969777,213.22276248443856,2597.7403254127394,0
76.90143991711112,6.794857252496737,13.112209818921635,216.45489521184754,1701.685470694135,0
65.98779528114164,4.762205640459545,19.601183129749497,229.76629568763283,3048.9696695662155,1
72.24092481810416,4.959043190735102,13.392595610843106,217.37060162052398,1737.184533007308,0
70.12592400781794,3.600098061390206,9.87792612722116,220.88875053134015,2016.203506670068,0
70.97676098548831,4.335076623212735,11.650426680154023,222.00240693253164,1663.757201996832,0
62.26990216144534,3.6727959289596486,18.707434860020815,220.65532593107923,2111.6354179601303,0
70.24510174258943,4.740580910114866,14.532305466189998,219.61278269637003,1128.8891536823626,0
74.9799829124545,7.567562720213515,13.355138110528197,214.02353118200378,1726.9791005916395,1
84.51143607795042,2.9421482856029657,15.480054677558362,227.25463774139607,1453.9393998257165,0
79.59270826085206,2.5796579031848883,16.505348208502635,229.03598321818941,2067.6691739461453,0
91.53182457511556,7.206755491240413,18.35219644770738,211.58670652938656,2497.2236877544537,1
62.326524371119504,4.686014484272201,19.34549768967878,214.87985704556812,2323.003093557276,0
78.72320636720679,3.996390892010125,13.920694062632743,218.60094828811498,814.1703195705538,0
71.83342005738352,6.559857031094115,11.021856941753885,215.17731102544906,3021.03482646394,1
91.89802933217672,4.091576690394704,13.759604516630173,222.52982776727933,2147.6399703104344,1
61.91701714644849,7.739014570320404,15.780841519748659,216.35863898796694,1611.7504297535,1
61.602781578192236,6.016888807008904,12.108723221368168,230.82528033903301,2078.5639594954705,0
64.00607354555977,4.268132887781446,12.12854725531487,225.95274297171798,2088.0949112513463,0
48.76104275690193,8.235962319898256,16.031363644649655,221.06287015316107,1666.575641524218,1
64.74244978319238,4.091427615494992,14.854042945288647,225.13493131659865,2098.958333671038,0
62.40867338446302,6.113143058013961,15.09839098623476,225.52950212178655,1696.2638561898464,0
71.50393786476208,5.448938870609738,12.724513995899791,217.18026255970878,1797.8190036549886,0
73.4175597577716,6.952611934098197,14.308797857382698,215.9189137772902,1656.8604321224577,0
88.76170839215887,7.3422667950902785,12.227300567195087,220.39071531484825,1283.6643551301736,1
79.5042383818605,5.04800622359865,17.67059523337436,224.30818062248972,2072.918235107692,0
64.23096344337597,3.869873194480725,18.105748004171257,220.6953019932671,2292.649718258169,0
61.01585328651642,5.689958214408675,9.461436413285718,212.115017589045,2257.441798038186,0
74.91919171506505,3.983426945371841,12.211467419422771,215.9858777802458,2409.962626317617,0
56.797667929793576,8.020080871289935,10.510412234729763,219.6301356820281,2162.170105007434,1
88.31458765854353,5.204802996624106,13.049928196779305,219.62167197837084,1733.6372508915483,1
81.79440120721287,4.452017673031837,14.749686090628918,229.86271088394903,2419.8319322155944,0
65.30824347895295,5.277020458797363,10.651064340904409,213.070060288005,1321.2412300790324,0
52.868654709091224,2.9793105657054553,12.234420560624061,222.52794620917936,1549.6643087437599,0
83.53872374165412,3.5425789422340226,11.988127883755505,227.44556554164146,1517.8999642883778,0
68.85460154747382,6.800620861916638,15.621801988196832,231.35724872711398,2540.0280295696552,0
82.37816311973462,4.014658581542906,15.208033011108752,217.9780128840802,2471.394257070038,0
54.05572341205633,3.4296335259770907,12.83478733998824,222.457147263601,2243.6526185224975,0
64.00624977046228,5.804979128790929,15.530462616418195,222.84880178599323,2535.964932605899,0
70.05243699718183,6.778556231994496,13.359959746238204,220.97740865776646,1560.358608794006,0
70.46980593764742,6.0784299659976,14.18503466902184,219.50577399380347,2174.29755993049,0
65.49934528520757,6.494071528708725,20.02035627089561,222.17987694750022,1937.412785808418,0
76.22849932347499,3.8648073671458087,19.021383155371044,207.33876957390157,2423.441051942457,0
59.32379570617405,2.8672839998872344,11.101256289217208,223.41034745031317,1942.3878837239013,0
68.57620514978707,7.25200047793323,17.489197253637524,220.63088951830983,1807.5285557949594,1
71.20295631711899,4.515980241736797,17.434189663474776,218.88762551610867,2270.454259280495,0
75.14438834058748,4.623750475317429,11.555210133742145,230.2343109785978,2438.0845835956166,0
77.11614878088889,6.992291212773587,17.456332931264583,216.62532990604723,1665.827402576599,0
58.75357908162131,5.83434501410099,19.61379575523766,217.98462005467485,1969.462164323812,0
54.65885829264378,5.683831658122411,11.632365581266757,229.95776651102366,1470.7796831791736,0
82.7767682189851,8.247503517351626,12.24749153695721,215.83969347575072,750.9694912535304,1
73.32314011979592,4.034722654429785,18.05298440053051,217.24942358531732,2100.2298157068644,0
62.51513463443446,6.391760192121856,15.814485932476945,219.26487288284574,2304.452678127316,0
85.51151975522524,5.085519687345627,16.65442882571857,224.20367241064775,2131.033404543363,1
71.15674634292859,5.402888418294886,16.02176764920149,221.03901253676656,1025.2191411228164,0
81.79297184063826,7.292702639618797,16.172087762784432,213.5368732642387,1824.5752849617627,1
70.67518481410109,5.761753634434435,11.020583615066752,217.33915718436404,890.8261199744593,0
90.60747924881987,5.807444118574449,18.141953119864347,216.96322783393893,2684.8505538270924,1
87.55340842443204,6.608761005964704,18.508769977283322,219.61389477388477,1456.972708940957,1
67.51035851520926,4.452570905685672,14.311827767795917,222.12921829314914,2627.701804729948,0
79.71570950954356,3.7411854989914906,14.869569150558412,222.09102877943985,2472.934821842073,0
76.45375949585147,3.4327862089684498,10.406677492332832,211.11994122975798,1549.704823731969,0
83.68631557532349,2.0504651159359972,16.542764268053503,225.3197049378043,1433.6075243661276,0
60.35076539419896,8.084310694910483,16.71617232514243,221.26284422998313,2175.185108193169,1
76.8605145999844,3.345187451417475,14.813426949002068,226.92266023796952,1577.8379814084644,0
80.58424486849587,4.6681195646213425,18.37306007961151,222.22099163645336,2051.242321079104,0
52.41260513576886,4.584780050166619,13.997768307060179,225.5066147886788,1758.586204596541,0
58.16741487334225,5.461110046713651,16.6938177776808,222.33272655725062,1109.4207927671832,0
49.607678222398995,6.223605818808945,11.941006983923653,226.73112878101375,884.7659904377706,0
67.30593165555442,6.2907102325396185,14.929343547377286,222.61125318008888,2113.3421242472987,0
77.17542255795962,4.125383842146592,14.476937226291492,219.51042376778548,1719.2211268346873,0
85.02357052096028,4.749317429320382,15.675923766122825,231.3621736022344,1723.4550915429338,1
70.74094780419775,5.42386992573245,13.891419213499924,224.44518561139947,2347.9319195468925,0
86.28615545571292,4.62696331072468,14.605582212984997,222.86872210502207,2586.7211383162226,1
56.198985417851084,7.411018364029989,17.47814151432452,213.61847791730833,1863.7276393190955,1
52.96617560644845,5.7364624274573774,13.689707288285348,213.5584619126823,1829.7006465450693,0
69.44452301103381,6.102316679074726,10.180268697783962,221.46357741070926,2250.071516556942,0
73.84065448939307,5.994321903001119,20.24875171261626,220.7276059888412,1321.5322151502123,0
69.67305251905907,6.760210786227987,19.14436223607146,216.9293871749584,2111.5765273738484,0
49.325578999601234,5.27153233805556,11.123211914683143,220.7049134980603,2275.942985911077,0
69.10879960487212,3.05475207806623,17.069123415735582,227.94313464021798,2340.1151042088145,0
56.95530499495147,5.599531927628963,13.49107568834597,223.4770123727515,1031.6236487487677,0
76.69672548830039,4.022964659312256,15.79046164599318,214.29495745123631,1619.3223650955297,0
73.66598246096848,4.207074977375365,15.882672387040481,219.44245586428528,1560.8683735882666,0
60.60120213672645,5.87954602813264,14.296776599051034,215.9751675957372,2049.9434772046066,0
64.86133082663306,6.857424607150453,12.648703003240811,218.0615004179572,2240.372289883992,0
59.40786478111048,5.031907365104092,12.928376843051222,217.9319216718518,2748.3552037229906,0
69.37320902726829,5.463249518898445,12.251424253556273,217.61177208697998,1752.5172598159634,0
79.55142320501238,7.553322416952857,12.504533375308666,213.72432314013304,1751.213750845393,1
60.14273953664456,5.361129769232853,14.798465129851934,219.36172659240904,2574.8360094393734,0
75.04046515517844,8.902524671270593,12.852720032667744,217.19696181576344,2148.2884692651523,1
64.69742381627559,5.848264468447316,17.04615619713786,205.35275654998867,2633.8257555939867,0
62.07127167737656,2.3588558612662736,19.46173846600778,230.2648601225083,2144.364001504918,0
68.92969640045442,6.130012431656799,13.259840275889871,225.44384827108337,1421.4416906433646,0
59.64757677580626,5.571737577324167,15.718213501606131,218.11849637537503,1333.4358226110967,0
64.46350694652818,6.934629131124119,16.499055330908803,220.09409524870298,1224.2438754705354,0
58.021221074111516,6.009772026904938,16.41600681275782,214.1417282634122,2331.0259173792365,0
89.6472513291639,4.792316024024339,15.227865803748262,228.47861438905431,2594.298411543504,1
70.35263551971728,3.1635526455659515,17.22804725507917,229.48644347386556,2924.6810706931906,0
63.00274492007414,4.686465114070963,16.446746858041973,220.78346864123262,2421.55266616162,0
72.13979910734221,3.7242193186860497,11.287012733018106,225.1176532209267,2581.419288767493,0
68.8767195030917,4.129214825292916,17.60746819316782,220.87643389466962,1709.9918336731575,0
67.79030400466777,5.8828676066309145,17.661872511800226,213.31637280562035,1421.7920916280716,0
76.14166700043425,7.50485675652711,12.710141687464255,217.94088315518172,2425.0396662087765,1
77.57507710047305,5.592007294734472,15.113813506342806,220.65963983385979,2208.8403761197005,0
64.69498852389472,3.2061754069472235,17.049986978433207,217.7272614062828,2053.7221871704464,0
64.2418175935532,5.666904002330211,14.372058541261914,218.9067336128248,2193.685740316495,0
67.24948302848355,6.794947229968477,18.218934143298036,219.54300221245444,2161.592741229103,0
46.980788352644154,4.085325643520926,22.09161748385808,219.5956075106727,2641.9084299267806,0
54.84808937801448,4.798974249990623,12.642041902095052,220.26129245248742,2647.4927924084777,0
83.66874267444524,5.022032292093796,10.856866190538675,214.696974668017,2272.1101761701734,0
86.44967713501283,3.82265253037664,15.911455786814628,216.4149192543603,2422.901436281464,1
67.50963960443622,5.972420650765788,17.164687515378432,213.57707867150015,2257.031276212388,0
75.76556963055766,4.818577777088327,14.307400878465693,224.889077748431,1769.4151339826906,0
73.11250154543536,5.629298665860541,19.359781989963103,209.47176529079837,2378.28233745657,0
100.78880808455239,3.66876173329685,10.984182600830254,225.76795171658463,1302.7524655703692,1
81.19574911434577,4.343812549514884,17.078755869094834,226.9317469863142,2526.9457761479416,0
68.72082408519233,6.083572036741657,13.18241753772332,218.4890970650869,1402.7385301169825,0
60.44459559399574,4.440750271862349,20.15813371862189,206.9843145608635,2142.9016433973666,0
53.93553679742428,7.590445776850108,20.977546059504355,218.19344719016354,1577.4230207869205,1
72.03463635867223,4.400545721578096,12.700030236649956,219.6790791935559,2276.6944915372133,0
62.436492547156966,5.337027088627829,13.35132859227426,214.94700890035543,1983.0373870360456,0
55.77746290402326,6.398886247809635,17.578763660939405,217.42390803095878,1202.6220209183339,0
63.534271157574736,2.8724514006004522,13.838608050631457,227.65097599431675,2210.3498155092393,0
59.18451996385605,2.358786782028836,14.863766346203285,223.3246358115087,1711.0396115836447,0
86.87141635072564,2.711515528144858,15.07616526162723,215.3771794281095,2440.5733604066845,1
78.81639756949451,6.893876155140774,9.24098053140703,212.01200415202283,2000.6628443672037,0
69.92027358683383,4.172212781161329,14.958486761717289,218.36491341195114,2197.710492694019,0
84.79944138890026,8.837298928502378,12.930816677807478,218.9327161032478,1521.215522492394,1
70.77368307647619,4.153628602013917,13.520631532800683,222.48099593681658,1705.333884286319,0
61.38715798671736,5.276826954795555,19.33089601040644,217.3234164371617,1770.6806819494577,0
85.23124077269657,7.313164928851814,11.230479317162231,222.5574978768093,2428.351240121278,1
75.38910043684659,8.009139332238684,17.439615560243933,229.67577020030114,2838.6885439027446,1
59.62753845673544,8.092255364954596,14.163111209004574,224.0775051122213,1597.414124128562,1
68.09661321916391,6.812549345889714,14.160719494512497,219.75955746334614,2538.4240723288403,0
61.24381746615243,6.536093788717194,17.371115688155133,219.08424764473352,915.161291137149,0
56.172002690356635,5.888790423801774,16.020153883706673,218.21663432910066,1402.9052994538554,0
79.26177547531641,6.167541614249957,16.711838991658592,225.90320456226073,1520.6107719066126,0
89.0941664047013,4.1732214255072,17.904553981598582,216.8634327702435,1323.7456552796389,1
56.01432426180859,3.772701674866539,14.006074850450032,220.22611354499992,1208.20580510621,0
75.62969236690572,4.994938313883572,13.16328979647675,220.25598950940542,2206.499456068899,0
63.49357430878173,4.744723066212607,11.744548420326606,217.49107903594233,1892.9661511360694,0
65.12874616235304,4.320157926009087,12.523768410063134,213.1376722605795,2189.702698802555,0
64.07606075761132,6.044581171185073,23.847283275926173,221.61487251808833,2345.2363430607566,0
61.36009230320184,6.432957812855766,18.73403874221036,219.6949801407231,2132.8084965862668,0
70.48521627944827,5.132610329437771,10.946776901375936,222.50120234718284,2328.8815880751868,0
61.69049883588962,7.216295121582893,11.03262612976929,217.33199846780417,1965.2338568788653,1
72.70456825779839,3.2874663287997423,16.445598185155475,226.10410649406523,1406.5033058471276,0
69.49761890550863,4.709510811080423,16.6417943921339,215.61613109394077,2528.9070904103983,0
67.6105195313359,3.9247665190957925,16.646651505952093,228.56020142008947,1705.4439336094365,0
60.92436337958402,2.20019507439041,14.235132619338906,211.2618174508587,1532.201850618787,0
64.23228669431667,4.875978971235951,14.623637219991299,222.17385032278446,1911.041062097801,0
77.55391225825755,4.8173787374250745,15.983638572478073,222.3771534126331,1543.5945403517435,0
75.00917187624381,7.270174614863197,15.25767901887999,216.0222146602956,1791.284809005284,1
60.22444755201449,5.946217526832166,8.342098881757394,222.12196968930508,2172.026960781733,0
70.99332305429226,3.4637197635061927,14.310601108274419,226.3975933488008,2174.1708696230635,0
77.5138712337179,7.781138849501282,12.44578069721906,208.9159058032297,1551.0849667871853,1
53.305947188786284,6.83155054328803,15.525634256725535,222.51372403745407,1756.1473135256276,0
75.43360192379934,5.873146555202924,23.95577700781023,207.53364589834962,2537.166502385122,0
63.37376241054153,4.660273851725252,16.102444996422914,215.17167598238396,2248.2000588669707,0
75.70598668593159,3.5608411449147805,14.059410941482806,228.14583182450474,3037.5325196742706,1
62.367408434574834,4.4416898358934205,17.765404505931755,217.09108983303972,2590.0640868707637,0
51.95117899335481,6.633122929556279,16.44806366162764,214.13060017795513,2572.1465342799693,0
53.72457562116837,7.826879458901914,16.260283471355525,219.0103113550766,1306.0657247720992,1
70.48084946661382,7.3148652924082835,16.820551779647012,230.33953169081775,2381.930175816711,1
72.59722501721483,4.266725867320589,21.169630694488625,210.84158876396987,1973.4465991515447,0
60.956833748955916,3.3205738500664834,11.607334694022253,214.74345044180328,1724.5090982308752,0
76.38592458777374,5.211329370366806,16.420896230434362,227.48715841589814,2084.007670266264,0
53.3847993773104,2.3473409516557227,12.220856610055385,229.28851171768866,2472.6057673057417,0
69.33920201352683,5.484751571277172,16.666537939026746,219.48284387854858,2250.415795502106,0
57.889838002375434,4.778596120551997,12.243940465541717,213.8047364873668,1560.76309932897,0
63.48163892197841,4.300945247197637,13.747899559184747,230.47921750904578,2371.22945679631,0
70.47398671316414,2.607945399099807,14.114730257286281,227.972211958746,1681.206228962018,0
61.39586634716048,5.770400159854574,17.927450158034127,223.39473493881115,2108.341559482143,0
66.15444455770175,4.200948740507133,17.75536333182724,215.9379882553129,1848.3249662614328,0
80.0629280921444,3.245124746434568,11.262847870660845,219.75485329580982,1890.5668741321872,0
64.23108130476851,0.691606680077526,15.164802332999546,219.19819959477584,2383.121487520255,0
78.35692112065142,4.958727642424045,12.871260435752482,221.6542565230779,1479.903140092051,0
58.702931453423815,7.658377395004616,11.224485267973996,227.25500719065667,2972.5975371384666,1
75.29804177915283,7.491888821821805,14.348948848726888,224.397085205687,1089.456965352752,1
84.41568620657901,4.314355615120592,14.074551634632542,214.61311961507622,1701.1661583725713,0
45.283554998727105,4.096681909457329,22.280149459036565,226.8824822500977,2185.1059449708705,0
62.03104744529523,5.703161384112535,16.29887947608209,221.56566070006576,2292.157083217655,0
75.7707212718054,3.5024218412175627,10.867147497737289,223.43532897929458,1949.7621397141475,0
67.96954613957007,5.452687849729199,13.305677987487172,227.33270429639302,1971.3046484992287,0
73.71145873371309,6.149120417577036,18.064149886288195,214.44209875243223,2205.275042663808,0
63.960148132841795,6.840399835826462,21.265328318609775,219.82087210646768,1884.4652612711598,0
70.865897874729,4.849768885280071,10.242050063286126,217.3427272432039,2696.590628967453,0
68.44322764607921,4.694489374734551,9.360226844582865,212.1607028731727,2419.6745571158012,0
81.67782061659807,3.6830261198651586,20.612895526115345,221.7335498880246,2436.4121755028173,0
72.54420843301213,3.75967946894021,16.168842532112713,232.55778275792213,1516.9216383147914,0
73.37602662075201,4.66028166214771,12.3951218043709,210.79961127747123,1960.3057877971485,0
65.88123033877532,5.551048260224267,16.603887258367305,219.83859694475265,1849.7670256396482,0
65.12393775927507,6.370376939349875,7.092756782949367,223.20271467537387,1497.199312155267,0
65.6744181218038,3.795231573979483,15.010126519791482,220.6153910082809,2180.0820919728835,0
73.94452142378297,7.239032853439283,15.983463518529256,219.4343597374213,1731.1771211100918,1
65.79015519179737,4.593314598436147,17.77281041861349,213.5039181827709,2327.7019149251187,0
72.89774856896413,4.967949058477346,11.958312143122388,221.16393371470082,1464.9042185528342,0
90.75400798645438,3.879182481278265,15.257061484210077,216.21618011492038,2859.5203064209104,1
78.71124703431693,1.3636396095905878,12.223726121821239,209.05039147510723,1551.8336707039691,0
66.73976467832159,6.326068094541575,15.766151267022952,225.97296110256866,2109.651168600218,0
82.01213922163944,6.10526584563865,12.313961032910928,224.79192909921022,2395.929655194034,0
65.91924626978448,4.57800866432268,13.775697482519337,220.2583048842554,1714.6797848999436,0
49.61875464822146,5.100486075837308,12.012553815629314,221.1453734410285,2426.2343217164753,0
59.91913689082596,5.773908826556149,16.95340872547097,225.3715900635778,1385.4082010997918,0
51.29208078974145,2.6561812146701858,17.575353349969994,221.12169828389042,2726.0588495912803,0
66.48486515958692,4.206420983980558,14.29613829012776,224.52008777380658,2007.0746324828792,0
70.18418379189552,6.19139701943274,15.114713984880085,218.51258899563075,1701.7942960155601,0
86.76437312275283,3.1185658652461257,10.654225756099368,226.55991869286973,1850.4091137862827,1
73.26927373764163,5.440336898249944,14.100970055979639,221.60392862966341,2404.45963469636,0
67.80899471191135,2.965127293064892,14.849386148874766,220.97025971802938,1707.7723540747809,0
78.2940558118349,5.699644973650289,22.862379273089925,213.64969455643984,1625.3211552886112,0
47.88864690992115,4.946537776553774,11.664098922677509,221.43477927150855,1889.231701208131,0
72.35614558108566,2.5773022761417357,19.392531716257313,215.84022541252773,1411.5189436150158,0
77.70865193886966,6.747109031685757,17.990576320397423,216.80858636735752,2910.271953970908,0
55.214137542201584,3.898112634802926,15.841909213470409,215.9231218584194,1716.8027043926384,0
81.43754043206928,3.7846213444784285,20.2758614525854,214.66882534050387,2415.8083930902017,0
73.38496407494414,5.300853795846415,16.116316417820588,230.6238570150848,2104.735041823886,0
65.84712086099199,6.722956024143073,16.167477587003788,226.65669530994202,1507.732974759016,0
76.32781866106285,3.4762672715324046,14.840638040947365,229.6018375107213,1997.0226453936352,0
92.70692857804396,5.092519774771957,18.670706647255884,213.8855249022222,2392.001389655374,1
71.81866255058495,5.643224750495859,18.28940770143265,220.35626874955446,1905.8693324568467,0
72.48220586300336,6.039658410894717,13.122968137511362,213.5324618739795,2596.556472925514,0
65.40639100459757,5.2646623329158375,11.042258416203698,216.52152561401468,2510.757696390932,0
61.50155630535208,4.449458241375017,14.391058087813029,215.40936508291713,2459.4574273291646,0
78.30335816544246,3.7586146690269207,12.599884306807061,226.1979200322078,1770.1716138635015,0
61.43916174091133,5.129215824569562,14.809426276153935,218.0188516094912,1460.0787761092565,0
70.71566237219392,3.3917914820215898,18.712314404052417,225.34189666847007,1693.2061973186028,0
65.22342553234883,0.6179742747580885,13.62809503473963,223.0206044479426,2098.12047033336,0
74.78979825746391,5.654839706236501,14.871529856065276,231.51819376052396,2272.893356766178,0
73.33662105286949,6.355902261629293,15.174068204425186,212.6027788843014,914.2142976197763,0
80.375399442579,1.4556013466872422,17.545292646615856,226.296166198934,1995.9433991941248,0
64.89983601145254,3.485403942935094,8.259331998046184,225.73220435200363,2079.044612661592,0
67.30125064706628,5.928731391507797,13.17989911570411,215.13310580986482,1861.2278718422242,0
60.21236284217693,8.086243204567548,15.633851076838418,225.0356666823658,2645.6369195079396,1
65.55706739923889,5.031190561513112,18.600236869280582,221.68072481513116,2210.8900371254354,0
73.77300493044852,3.9079955881562984,13.524292657481384,218.86261870023296,2655.0959540404483,0
77.56988616645351,4.72565533834274,9.370341881874378,215.88032256514,1892.0197398248838,0
60.77834675822375,7.062314628722277,16.85913433789841,216.40445274275407,2468.7387462534625,1
78.6960592010566,4.031053731313197,13.093912833523111,230.24906047892964,2817.5331972637596,0
83.55637858804951,3.8012119900246195,11.431000022728917,220.00341409478742,2655.8467246363307,0
74.13434903223701,4.275884716726951,13.126963830860328,223.9106500076573,1453.9292032856333,0
88.76795812558066,3.5700070876119314,14.446423927032452,216.04550309166223,1873.1619612288096,1
62.26210800896427,5.184005473992193,13.18576600638536,216.1007352688918,1827.417647275102,0
57.55345296688583,7.437017687704341,8.383301828702793,225.4099240462497,2244.627267538164,1
52.212797510957216,5.484618909674044,17.691198590661397,213.25211894224233,2343.1767775072667,0
84.96044311489183,4.621469746810568,18.824625123836167,217.92393116047364,1580.553662987132,0
76.54365656354058,4.562283096626684,16.954565974018518,220.17013705536115,2033.9192569584688,0
69.44415329089544,2.6552137869550143,11.58694298872555,220.55686300920027,990.0363339219318,0
72.7996862631982,6.324664665720738,14.395525398157446,219.10453357491923,2720.972502900945,0
58.74510952701623,4.883244204480797,14.980436054311626,221.97909890547962,1743.8128796616531,0
94.45751979616827,4.729280129614062,16.79638316868573,223.46427877908906,2027.9319699222485,1
71.29221181975228,9.789661351767291,17.005021466154243,223.67318772729664,1845.1751430059694,1
71.09394794604893,5.44812936254853,12.797478603664512,215.07098095666086,2573.0137875067076,0
77.25766623898691,3.8723134248572233,15.245986669240681,218.57922451035603,581.2467793013104,0
74.81009231736714,4.360463605691685,16.371841213845723,225.9738143093847,1991.6948288370454,0
72.23884024279131,6.722668563795132,19.3674669664403,224.47323593786936,1947.090621251151,0
62.09525544554688,5.1699056158066465,17.113519619474168,213.13570274259467,1773.1818062041586,0
74.71468357135996,2.84258303252395,17.367170062126558,221.757399501761,2863.1132728178163,0
88.82024496475034,6.378843401862805,15.251479883788083,210.10887375312595,1556.3352705721145,1
83.45420046154977,3.9977838716915093,19.23137743561051,220.23467451030186,2385.8980886178306,0
85.93186626639397,7.8099466643263185,16.22928838787849,229.4888350837299,2178.1263943530416,1
64.88784323568815,6.620072098571972,12.416736269479289,215.26053641365507,2630.759626267758,0
60.10395179741419,4.329017156511873,19.21010991037557,215.82838477254208,1666.4054576112474,0
68.74213079900352,6.921524542602669,17.093709817617082,223.8201489078643,1633.5155504381205,0
70.55724912288694,5.101783265791105,13.670867936614552,212.28599242395177,2548.034953738699,0
80.94191518470949,6.27916051268333,13.56152109780227,216.8362248505748,2212.6606541650553,0
53.07535370285181,5.727099225941712,15.889726635422285,222.98220568790876,1227.5313266616208,0
85.29550319460614,3.7304650175136898,16.389554385802754,216.82857076155298,1730.3474927683649,1
68.4199210142101,4.034675251523807,15.591876796893619,218.82015006394514,2193.1913269240304,0
65.7311893005258,6.544941226371742,15.933926020328654,223.72092855157518,2418.8821107732947,0
59.87895624739832,4.497837001840189,20.099872123729142,222.1077304176828,1660.3846734035224,0
53.451433281342304,4.394527305137005,18.214629456704657,221.334091981477,542.8720050915294,0
78.23170583961914,3.5673161309759704,15.571906773795073,218.3043886036498,2261.6115928685167,0
70.73317967188405,5.635398598390191,17.82393174230245,221.85030557634477,1389.8396550280122,0
57.10039100258946,8.093787378864718,11.902428289417381,219.38133659950122,991.3306009387943,1
57.04921227936384,3.398700628618591,16.193781149840426,222.2890280496289,583.8370375079296,0
66.64215300709871,5.036329185009137,20.427919049199332,217.5153398744101,2406.9904300988705,0
86.69021525289392,7.118330833123144,14.34586231382288,219.0871551281023,2064.3087252024834,1
67.40408648636395,4.880537913131428,12.457098214142746,215.05021103723993,1887.1718096438742,0
54.96857046881894,5.678557694374601,13.043733334220818,219.8249619499688,2694.512181481381,0
67.54256935914056,3.40640970777968,11.731100887972834,215.94499568185577,2318.6623415115364,0
67.2727643025233,5.6424606458114726,12.64571427561689,214.42976774919003,2808.1500213609584,0
43.03113357058429,4.719283602493177,13.888475704229913,221.29330573927695,1303.6322639165019,0
69.45705133482188,6.478594993519795,10.783298942464075,221.0636988792883,1982.7246880230182,0
67.69065469791322,6.781079077347127,15.04685500184881,223.91436867474286,1191.6433125259928,0
76.96206364813418,8.88434546302792,17.70683152135994,217.8443721521245,1885.3088340722663,1
88.48956094945345,5.869449759820363,12.276731459559239,222.04026423418378,1875.6920731166613,1
81.26565029547757,5.48869447487325,19.557851770925307,222.75398786136833,2313.3068186315354,0
67.3111130944517,5.291576452366004,16.532376265582784,222.22386903915796,2022.7819405709492,0
58.934740912583294,4.470250560783968,18.09174175687217,215.8717315859893,2311.703569139958,0
95.7335980324986,5.507725765192537,13.02649633844359,220.74681741135595,2351.720066569447,1
70.59218434014488,4.556897884791455,17.563575681199847,221.8207014802733,3077.464338691571,1
70.13929291912946,5.252691464404421,11.724198298814061,220.0358923345397,1842.3516723569378,0
69.75874912889996,6.976396303411939,17.670742502509526,209.56761170814457,1529.4886496668105,0
71.98084760767856,3.4901861520805384,15.515518019380593,220.8024481198674,2123.0418076582046,0
68.55639588076058,6.709817841693568,16.65975365995435,231.0626551969862,1598.8599864302282,0
64.26337993119763,6.975672601009798,11.473216183125444,218.1998036562151,2740.9803842182682,0
64.53141058759608,4.822897209513382,12.314790473170186,216.3596145107234,1858.3909805273838,0
69.67246729784002,1.8172176514871081,16.791684654760154,221.866742798557,1717.2118160630048,0
64.56575228866235,4.0882670193583515,12.154955987327398,221.56189105233287,1764.342139424441,0
62.871542173228356,6.9454918198416635,16.38961887629737,225.96367582708208,2359.2087117358205,0
71.06430227691897,4.965697906551677,10.898586580619263,213.71065922045557,1921.1265083842575,0
67.45022782579144,3.5010466515576337,17.544522638000004,223.65690126287495,1679.1665899348088,0
85.0399298858269,4.242837618157674,11.302430055694472,222.9521103062573,2832.6759588117657,1
43.49030191606988,6.260930039756829,16.65689981303857,219.28926731529728,1571.915079669125,0
80.91506851922462,5.8201003523020685,16.876892800938002,221.69343658960844,2017.7830370164968,0
82.4608519249763,4.641601851245459,12.909684544711276,225.1472874079918,2326.1530758051153,0
49.2660976759185,4.449763382277968,16.74607970125418,224.36157690014224,1184.3324447914633,0
66.57312405919652,4.412362776434267,15.781326790000668,214.28490343963136,2240.1302507029623,0
66.28559134004209,3.616384723252246,13.383474431421785,224.10079093377743,1472.4461622597753,0
55.924883052821784,7.423063534204163,11.974335947771376,219.6765569748374,2411.3913904170013,1
62.22183312409125,4.51651929618299,9.112122924982263,220.3643704900776,1518.674494040512,0
58.894241545341714,6.825737781238245,16.04895014189908,220.36598495500849,2346.38451592443,0
87.52270443423623,7.281974077883677,10.305591685913836,219.2487850560087,2552.9165331473564,1
79.35678393147461,6.49746634722194,15.286032598323924,225.95853748553532,2430.7182628164023,0
82.71555094994159,4.352569530922928,14.209655351753252,219.58141020075394,2125.658324119051,0
77.21672064043236,5.605595135504914,17.037428326314586,214.40226935808417,1884.3495285351503,0
58.70948228782771,4.963706590413626,14.093863501530407,218.03235072015136,1711.790211832578,0
64.75479733720226,3.6444472089048077,14.011656640958726,220.89347358405237,2735.517345408552,0
74.89374561227918,5.486538922582405,17.195612112864886,226.14607392148525,1650.2523899161783,0
57.778721911080545,3.231440313260296,16.005174087252353,223.01547342474416,1481.466963215002,0
77.12998430172388,6.781519082692346,15.948467871548335,215.74732360626479,2332.6844675164148,0
67.59674601841866,4.30307405405241,16.40780276942558,232.42594958339447,1601.9315984067523,0
66.25179192450402,5.301739483809259,10.393283630378683,221.3238765548899,1524.9682512669365,0
77.10959968203491,5.424931807319213,17.270366039960948,226.37695368999508,1278.1978689151174,0
74.4426331148604,4.611642539443884,16.837406382040808,219.24142783211386,1758.5450802697412,0
66.3903383418092,5.880040702212912,11.94995061427051,222.66679622352726,1958.6424880517534,0
81.59329803364248,4.287644515066213,14.267758578977396,224.197342522592,2121.5458638303494,0
59.189366724001026,6.306945946185866,14.882078137117107,226.09097355877128,2475.6531221497416,0
76.15935606944264,2.981030479629877,14.596509646794802,225.28684152689112,2263.4489618328967,0
75.93101257968384,5.189569369319618,16.001579899705604,224.36098500036488,1904.56389022341,0
66.9045356068601,7.908393498587428,19.29410034549355,218.42456634402944,1900.9021618101401,1
73.26133022242118,3.499503013091638,18.245300183018486,217.1412697902197,2255.0787344575915,0
57.488864236146966,3.9833825442127226,11.063342419705782,221.663037551621,2636.2850814642848,0
79.240270192069,5.770861774488372,16.866209970918145,224.66564036170536,2063.1570997416,0
68.15097863557011,5.269372672909397,18.986799958606227,218.88639649611696,1765.4345728947956,0
64.7727697948096,5.525945148910338,16.16042556206761,225.32585982857194,1503.5669994572272,0
80.49009225836889,5.733780695221495,18.2729412755579,227.2630837274309,1277.3973677938873,0
62.95656309457241,5.9520822028426545,21.036811337102296,215.4183954046329,2333.1348360217617,0
55.91538703636441,6.664549762934335,18.071128638320943,215.8153964810186,2288.9892618197787,0
54.433708264760966,5.6147279853927685,15.747925786925187,219.29812470547333,2288.681762553331,0
76.0600995134564,4.638113518072187,18.13526542225426,221.538063340946,1935.670276823972,0
57.19570647503717,6.008860551804097,15.434663499290673,217.37716493116474,2703.4673729458755,0
87.54794181984364,7.849822902342823,15.071709129854867,226.76101339433572,1757.9407527075912,1
49.18070592116278,4.801049380426139,13.945757292858803,222.12033430759226,2477.6346186036026,0
86.96456368290038,3.538206042994038,19.690240076496323,220.19723524120369,1980.6285525052285,1
72.11017467202619,6.660621003930459,12.544714002173997,212.82045238065737,1695.8246176603311,0
69.03286888129608,4.819428254069603,19.59710317403435,213.42092091786247,2296.2651536588805,0
64.5508091319105,1.740995680978946,16.499592371221112,221.40504625140903,2204.818059341997,0
73.9913611435207,6.271132515725633,10.802081475594175,209.33702186922582,2178.486379633463,0
69.62365297575151,4.197007721069116,16.102947878974266,225.06318704822036,2040.6392110280995,0
81.03301882016521,4.864200076543759,8.699920477045127,219.2092307781384,1981.0534591415847,0
71.1422764866204,5.497970495853522,16.876524050493106,236.21546484797366,3194.1859964352193,1
71.50301761461877,5.2857495196686,17.655694448966972,231.53958125308054,2592.1283225980865,0
66.36387787786144,6.064177725708559,13.22293213304384,219.09275465376243,2361.413447492756,0
69.43054376278933,4.346770444145235,15.370643087866746,219.46831498734343,2055.899579101694,0
73.0780176889206,5.769658697264124,20.86247230125086,224.97790757001016,2503.5786002983345,0
52.89831607343375,4.610679983624125,13.48275988721419,228.5158630495902,2258.9973881957258,0
56.518145778942866,6.108215721331255,11.823277238830197,211.8098547128199,2013.1023763870178,0
77.43264094022715,5.92305122601958,19.444990207387796,211.06812267322655,1848.2178373670424,0
71.70865438127942,3.596841946933107,20.887761571592385,216.8898259722281,1959.541331168656,0
68.1601666364732,6.628973174262549,15.011087015543541,222.91368791586933,414.7871320609722,0
70.18433933065393,4.196054832328928,18.03438910622507,222.48436795253798,2105.300419648821,0
73.47581705361671,6.212086697421718,19.024427746592643,225.34885727491925,1755.76195994482,0
64.60240319690638,5.550930970102011,12.772547302384847,214.00151235817347,2796.334999141442,0
62.216952745976876,7.757275515192684,13.544082493896395,208.41928068515563,2009.672035405877,1
71.95845255097682,4.6648010264422215,18.692623539464204,224.29007097651072,1405.5182902325191,0
60.21627222384968,4.4760248058227035,20.05504283612553,215.85901863517384,1975.0599229359411,0
74.08252755714472,4.970870591168401,16.688642580523066,209.90756067805683,1476.9394574687478,0
52.9741639576216,4.545230325748587,12.360556939493836,220.7253187297969,2236.7037078562335,0
80.29155637325644,6.199912852913075,20.961183335098323,223.9658784410934,2145.4736821697425,0
74.72597482413043,2.575534087345118,13.407087306564106,219.3897143393936,2478.919815554134,0
72.56029734313876,3.419476371280469,13.994586656485644,217.71075806908755,1604.5591041527173,0
79.82690983945514,3.3982956176312102,16.027013503468865,219.20318883927047,2017.0040481140734,0
86.65474444462576,6.425461387960364,19.662481262144322,218.14708618799608,1317.4891022866823,1
80.1437006501813,7.565920058872888,17.561927929656672,213.25976444029916,2350.7473909623573,1
51.59125768668355,4.843326172193793,16.24459650108573,216.42659661504783,2259.435590220061,0
57.204230332642986,4.746767415214984,16.38986559035432,222.60639952506907,2247.9025105137853,0
63.75181422304321,5.105078244669772,15.130544005930398,221.6083927068825,2000.8095156784705,0
70.26091050210833,6.742817453912286,16.674418543555518,220.8402990298341,2207.3864453943957,0
75.17659020469122,3.608970298714139,7.4113197669170905,215.0242575907331,2802.169554154298,0
62.742561868465344,5.357553474102177,14.110177622790605,219.09248418932165,1857.452871478993,0
71.86766764477078,6.462796444673645,15.723965804750343,209.11467476778571,2069.3225918550424,0
62.44617067646678,5.751641254909768,11.546957749141479,220.89238331942695,1456.936850409295,0
63.884821970080516,5.284372424898115,16.15896995343468,227.14428853906784,1565.8695192008338,0
55.93338903151778,6.501569138850712,14.386586337041635,212.62933933978948,2048.9066465466535,0
60.76766753889096,0.9451515605011442,20.266427094946472,217.0703616334112,2551.9667733509536,0
56.48315394383666,6.016812979296361,19.719059175644567,221.64553389355063,1871.8595878742137,0
60.241267470226674,4.0188864753088644,13.602583292645512,226.26421317213743,1882.041735343938,0
80.5364179660784,2.2540506547153147,14.547486865299915,217.75887691849925,1796.5573777478126,0
60.50601111168057,5.766803899287471,14.778157303174822,216.5387483536705,1732.6216645778384,0
96.32382064837391,7.060487817744437,13.645021571521132,210.1553842879196,2147.485727854411,1
74.93317900880889,4.793827228058462,15.58507495208438,220.51719064654054,1251.3711774106778,0
71.84836123694873,6.429311820804408,12.72515379333723,230.21038020071873,2640.469788333364,0
61.41642219818787,7.418417386982968,11.608153995187422,221.3867923098234,1667.2888509352697,1
77.00309879408991,6.972371680376071,16.868133671700807,219.88860510408142,2360.951742719071,0
64.24362173762226,7.459946794057089,16.888588752665434,221.61041155383492,1365.0007013030622,1
71.22009814645361,6.113191236607838,12.587052721020022,219.944539980257,2334.4200652731092,0
95.60084538268795,5.113150458352389,17.686066292287798,215.93492813869935,2335.9723039072487,1
69.03940100275351,2.597051282154247,13.105266812504006,224.11639957838852,2192.101036002948,0
81.49273326285676,4.630906267805077,15.759495714113944,221.12880761555877,1502.785739100104,0
62.96823574874112,3.7351301070257126,17.46103203783737,220.0880662596683,2124.7740947990387,0
69.65011509503039,8.25641407624672,14.899162305888861,215.12316986360875,1408.4719076328056,1
87.7080063563551,4.736171281351495,16.364222736423404,226.5175396596738,1873.6183724519074,1
63.730329422122324,5.184807210176729,13.450711068337284,223.32351372666554,2514.706550477663,0
88.12448557996929,5.8272280640607015,14.410600249715708,217.23539581316348,2398.350963535371,1
77.07751935455475,5.06540366955868,14.38242170735898,225.0091242684097,2007.5914712702165,0
64.37533224105732,7.542576560646129,12.760264960379283,217.51214580807397,1512.596712038579,1
76.3240773905552,4.066025957398322,14.469677510652653,216.08998253744483,2322.7938560870966,0
79.7255444962673,5.2919111828558645,10.35414510340876,216.20148441259857,2009.6906188490127,0
76.21809962217196,3.8862941214529276,13.526538758573686,211.14465723455953,839.8422008847883,0
54.297752801095434,3.019966233168941,14.145373519890988,222.35771190209104,2391.314913158259,0
62.728628241751316,4.082346363642072,14.23146074251386,210.84427560830824,1987.883583065154,0
67.52481364448495,4.944444804427382,14.275507662387664,213.85778084367118,2601.225623991536,0
69.25566570899954,4.35604666322411,14.814707400419612,209.62205995460732,1452.3647405785978,0
76.20672097550678,3.9613685301892163,16.43832455425819,219.56965153604554,411.64809340199963,0
71.77701000933254,2.890523804492249,17.623551222397566,219.24839769864064,2139.5419291725925,0
56.64655641289899,4.875341641056957,13.0507043194552,218.36651893406818,2145.7818383409863,0
73.80197851005963,2.7429194389534968,11.390397433832566,214.78711152664712,1154.6641861967742,0
76.10585745283824,6.140083945534403,11.87386676327069,214.1388312328168,1510.7502270666969,0
75.5979044793104,5.123659629401755,13.538391236415219,222.32184931773287,3377.608871859951,1
80.80780725554622,2.813672750802604,13.944236046550472,217.24724034145757,1847.1946929230983,0
78.33922154548904,4.536186384425205,12.690011801407628,221.5817916076807,2365.479488188108,0
74.59180079228437,3.871765391614125,11.111650007250317,215.5737565693789,1674.670086315808,0
69.29834288541353,5.478761765628771,13.631637517577435,220.9053137138554,954.8485505734216,0
53.39039066484008,7.0106756690347165,15.544279860341915,226.5163901865803,1914.8708766020472,1
74.29618219132585,2.187241295531383,16.785088397506694,222.93082900196393,1867.1977198569475,0
72.07687687163111,5.172539118721126,13.327730840675036,217.9379309089176,1800.0608806658142,0
72.71578837195374,4.7598008066500395,13.761006533569699,221.28599485177963,1942.6795822468039,0
57.232514241796906,6.0070101146756985,12.219905073458069,218.79667412734892,2132.1341358228183,0
59.189434595917376,5.319794942356534,14.905682488875671,220.03940092347364,1924.9415243730966,0
80.53152853332904,3.8720460023917713,12.454714097427557,218.3719447392575,1367.996916026318,0
69.60444846143345,4.521419096500073,16.7193834397236,219.17832397057305,2243.0923957809696,0
76.81500697372624,3.8059612147947663,9.642400524197667,221.06046676537088,1025.3141223387884,0
70.28318376130461,6.614010707897897,13.921110982642613,215.03320650209025,974.8212713578998,0
70.29756139495746,5.031967473007914,15.903322017575226,214.9206058650501,2369.590247350784,0
79.38283805975998,7.851786028629511,15.551503548967514,213.05728723084394,2253.5101360676786,1
64.83955271782627,4.909008779278069,23.079100991941488,211.99864447748146,1971.302317462982,0
70.96120776940984,3.9373898496343056,16.049400073703723,213.9135865388976,1302.275747622464,0
65.37724711294958,2.729428411080759,11.987836209473969,220.79731253402065,1646.0445296629623,0
65.65503772567685,2.2952904856160825,14.71360725873278,215.53606242254057,1868.626626156748,0
66.90827876531361,2.6237960854917652,9.671260999600644,222.56807232115548,1202.0530157129433,0
72.22133771633713,5.400689976517225,14.758200752109717,220.17356874376281,1630.4856709883836,0
65.21251378336522,5.7630875348449,12.500831828997724,210.15747893280974,2326.16516908834,0
82.55756125573521,2.6282139469517998,17.746170826680483,223.27487792110844,2713.652682144608,0
61.05392697780496,6.342557471114173,13.351379176213396,224.05399322795856,1790.2826236707247,0
68.13128355838641,4.2754084224748405,14.64970225261426,215.03068662582572,2378.2441771580493,0
65.60268941725825,5.220189517978324,13.093326475786789,222.10095771447496,1042.9699647062662,0
84.46977884353733,7.418330942383136,20.216554055559996,215.717508812954,2329.7256205568056,1
71.96554776511574,6.345258973798298,14.036271701646266,220.48835188374167,1598.0257926362594,0
80.31844539468635,4.597204028141252,20.497671130437606,213.67750796522517,2153.672808353985,0
55.14439626963028,3.663211661877069,17.4424552863548,211.0344677373271,1876.1237908801454,0
72.67050265869258,1.7722768980060426,16.44620018200616,218.08591405193516,2660.207004891917,0
78.89630795623437,3.92127002113637,16.10619944195256,219.3813552686258,1562.7821758300408,0
70.82283989275425,4.6833046417584585,16.181391894648755,218.01160153192697,2313.8031487809158,0
80.65480375065351,3.519230709273224,9.216982261963171,214.0798472088872,1860.2462683517333,0
64.82711549899628,4.803114549361543,14.163349817547731,218.00050468934433,1920.8472609951682,0
84.0934744018558,5.115277824438152,17.535473913552963,221.34647376290366,1908.0730534203951,0
92.9889812361925,4.662716027287882,14.853308449577684,219.77553484938733,1577.1634477529435,1
66.37161439560342,4.02499612876481,10.784430459589274,220.91250515299606,1992.9505170466641,0
65.54497478599228,5.2529820079500915,14.842786648267591,216.64942399772883,1968.6758889390892,0
84.533844771177,5.662910974354114,20.112316548766472,225.8585895735808,2120.620124203365,0
85.79572145730712,3.364401383835731,18.740675146604158,214.1191333172261,2042.2525728464313,1
64.77139972846732,7.116398569619405,14.813987971901906,222.4378014854336,2398.997274806118,1
65.79813182904142,4.852117801573607,17.85434783117426,225.9094554647998,2461.754308023684,0
67.18215391139493,5.028274434417272,13.900478938895844,222.40454046374447,1474.6883390860994,0
56.555494889657226,6.062321634884835,9.888385239519843,218.98737886467586,2434.3862502953857,0
60.81348053515802,5.349824196895252,12.226602035611336,217.35851476668512,1406.8317864450728,0
59.95859233247932,6.429704950869867,19.688666305524592,225.18043825523128,2293.9279440688674,0
62.32202434895871,5.430686247802736,14.178020754512087,212.88512537369164,2309.8693923514343,0
69.65315112613219,4.0813439380393435,14.269848061874946,215.14937869810177,1044.341554168748,0
72.3421473253652,5.542255287809152,14.100485411175358,218.01221117254138,2046.4896232647047,0
85.50500492814076,3.2844106890190075,20.71240976871902,226.18826878756,1765.7519433198422,1
60.016459592612094,5.162839558664785,19.87787674608619,221.89883818020448,1620.6173710323126,0
79.84322398476584,4.950155014033308,21.6563407003444,215.15977120744878,2675.4261653495028,0
67.86011155774491,4.687824714091191,14.522864368799846,218.44846147307547,1673.1604296812905,0
69.50536290347567,4.807193732841604,15.886873466241285,216.92838427951853,1596.8115354409751,0
76.74819492166604,2.1772264317535415,10.450072351737626,216.45105503883232,2037.8474700025467,0
58.772779784377015,4.176912638388558,19.430803278354823,224.8944477927839,2342.7948731492083,0
73.82409746184051,5.1392673517116725,11.496661346196195,213.14128435368247,1929.1757069949365,0
71.66452208213056,5.239784587996101,15.650326691287887,228.04390427867187,2583.185272834626,0
74.92451264008149,3.458487288611063,11.708092417101469,224.1411484509231,2265.487830982045,0
72.89168643907819,6.898561761297051,13.233399519783912,225.4543083530185,910.8943401342849,0
94.55300139910895,3.7007377276782485,12.488212706850899,217.6853024398737,1735.266518246496,1
63.62260015748684,6.454185800790105,13.176374217972546,219.25029640460446,1719.0789503241504,0
64.69003044998182,5.640791542807527,13.382631890553064,212.83424092737644,2239.680476714711,0
63.76859473575236,4.0306590352342955,13.355193615224769,217.376687964666,687.5914718129441,0
64.44522880839746,7.662966338914268,17.500001735340923,222.46827423821574,3274.504854358861,1
63.62612872693482,3.20954475236528,11.68541162081244,226.480315308907,2265.5130474471052,0
81.89016531107552,6.378731260415002,15.6616242810416,214.46421591598775,2074.4384019588456,0
84.20504247989855,6.500873477064467,18.653877456916675,218.17247031507367,2590.7838582095733,0
64.29253706250523,3.994069686385033,13.460410906459812,219.2435038988374,3171.827026406312,1
61.67644426895771,7.088697950096494,12.846243327757195,213.02105398903757,2435.3733222942014,1
74.71415556386404,4.6249302281015705,14.308426124459247,222.956746208792,2474.40654823581,0
64.47776955719029,5.4330404439197855,18.53917562508213,216.38004834128697,2065.345012232191,0
76.32931817755511,5.390482758156831,15.582322892860073,219.02304824411488,1929.2371233165259,0
72.029230208513,4.798536887794178,13.406357116177205,217.74025314044061,1762.1022779975494,0
54.84255885002768,6.216212409739673,16.45162995356412,216.05330747140164,1586.944004142729,0
85.47505201330061,6.190233080828319,11.69312355049073,219.96477507259723,1656.4929501502513,1
87.95877673095522,2.3772020401427287,17.044078531328843,218.92195210715988,1324.7220178285083,1
63.87211309515614,6.956510364317229,16.225821923105304,218.14071058860668,1962.0642746574883,0
66.12298440064016,2.5062620179464883,14.076574586583348,216.35769189159828,1157.6662113868065,0
72.85865390724905,6.5488193065124864,12.484242604658307,221.59762335391477,2095.458262071855,0
73.34456789987026,6.690057705241375,12.339957233149628,228.26808634246143,1981.8346959788291,0
76.5854427267283,3.3635503546772028,16.60445200903773,220.69943616419565,2073.4676491933437,0
90.1020453876635,4.383778568068123,18.686941507467186,224.98059107455563,1738.9342149900037,1
68.2305277250595,3.3414429972710966,13.088076758913616,213.04889037423268,3538.430185090252,1
62.01702755461546,4.677618454566897,16.375160110654452,220.78880719646884,2680.0579500901567,0
56.20680771985473,4.537948573721388,8.738918944193793,214.51315840514468,1377.7287499576387,0
62.69069960058081,6.169490798404009,13.246146808028401,212.6153753623405,2116.4340437134492,0
69.66873027126204,6.965463119179413,14.906823201387294,216.3031429627048,1695.9969285313382,0
87.94557863517788,7.093525716184934,12.270949749054498,225.95949667206787,1492.7601366462932,1
64.82388700963828,4.156747960132547,12.190480875631213,224.75007914334822,1329.9639644380327,0
72.23787951638899,4.686167189383208,12.99666133059334,221.215023610272,2216.108345379627,0
69.83577103927247,2.4748427116685745,15.87657818497912,212.33649720055035,1659.309882465213,0
81.88393273448084,3.791194900255717,14.438012944780876,219.01859674306033,2483.913012012602,0
95.26932425873622,6.447277449646187,8.285306300025084,221.50850004450868,2496.8911072652195,1
64.6913122707968,7.423374235322347,8.637899542094802,220.877681147893,2686.9571926057247,1
65.10560557481777,3.148476692180117,13.179404466428474,210.78103208259628,1573.8066169629483,0
80.44160877069072,4.1113036112706585,16.373059758160657,215.54841075990063,2237.682805346005,0
76.81891489626311,4.96039136456161,6.757485471824296,219.67961117925643,2316.2271083211504,0
88.46707325736034,5.42024173822941,13.500809471545107,222.68145454758596,1762.9109124480176,1
75.83928185325964,3.7855947201175306,13.421256430447738,209.01936089450027,1614.1140213035624,0
66.40707909212941,5.636091566696135,19.165013334625343,219.1893801226007,2804.7603328879864,0
75.9065483069231,4.289240979393626,13.84493456486141,220.71524384939477,2113.747937866027,0
81.08703580582907,4.9783215936825815,16.148966954222786,224.24805994258105,2317.983875355869,0
78.20482181197364,5.819426372005549,15.42377142026239,223.46428792118718,1588.9619940860362,0
75.07274031107298,5.009633404716407,8.608300560578398,222.91285659404403,1390.3577667389031,0
80.66674689589154,4.345421164210147,17.30462164989521,216.00029746649034,1715.2751127539448,0
81.69295590445672,4.835585294111254,15.646189516368864,210.45998931438345,1937.9893063050015,0
83.82158991037527,4.867455561191997,16.52480591902377,218.034736214693,1467.8899965913256,0
76.48709887589642,4.444983455176809,26.778713119308982,225.0081591260428,1995.0775956748084,0
68.32881919683146,4.611805905999346,8.747661181504235,226.96727263762216,1155.74740596575,0
71.46713686433323,7.3979707557570755,20.174089949283324,223.55274551148892,1439.976288765064,1
82.06508966508358,5.841379171911858,14.137657441798932,222.14670411400868,2335.4556241384375,0
61.83064329012764,4.556779522956259,15.861986713209028,221.89819824192983,2301.895260138947,0
73.68673308872901,6.045431606766103,14.863463264096273,217.2194062661961,1804.0616173065669,0
66.0666118767264,4.499270765365985,13.72729099980587,219.3496985322319,1491.1178454615235,0
70.28744822934817,6.759686956379962,13.290501215283724,228.34534762913165,1486.2982242369944,0
82.78451862607298,5.554463288297141,15.988526206719028,215.28720997104062,1813.365877029343,0
71.91099068019903,4.839046783993656,10.448478909984964,228.07389395354926,2322.259245822646,0
70.46436548156149,5.671575388715416,17.251737502565298,218.38985922753972,2464.1228456721624,0
56.40143859020081,2.643685771897251,13.751416785344238,226.6271605454754,1751.7341322590155,0
77.46253566027221,3.309848796635292,11.609791982878926,212.9659249525123,1423.253787007608,0
76.45484181141076,3.209112490401417,13.64996142601256,222.92952100582323,2133.921818933167,0
91.6325472330546,5.21441464214556,18.771447650587717,216.3161493202619,1588.2325146870753,1
66.92221765046999,7.598772499227637,13.393994738951331,212.92366404037907,1740.8736805693989,1
72.1915032766394,8.34695021928895,16.07536085462886,221.09267021205474,2662.6380452185185,1
72.49383683710755,5.957076652161136,12.80713117285358,225.04735894297986,2413.5577142828843,0
85.77453279763475,5.751266712416685,17.273765549770857,215.7752928070325,2078.987156125726,1
69.04704467613048,2.2984133987708915,17.056523216370614,212.504920197708,1364.0404994436385,0
72.7902152577034,4.185989300398967,20.545826499889234,219.54077617832522,2105.6982837353294,0
76.0789650971654,3.8183243721376416,14.473308163502354,219.5628233561141,2531.3286453937635,0
71.86609123156359,4.068728602623326,17.00596441427372,222.74159813777248,1812.1831671172322,0
65.53566385449471,4.747784272122816,15.294202618616834,224.74797285682243,2675.5570449933575,0
71.94089992898307,4.291864133454309,18.887615345589044,219.70292409363753,2646.3726447591034,0
80.73631749859771,2.0310502844363185,12.843502837173808,229.27751657397133,2831.8664160717367,0
59.7348470058894,6.121865384176301,17.235015938631843,221.12117372267645,2152.6215632656763,0
71.32969674146877,3.3908854613902903,14.415908111649955,218.2678674699655,2293.695849903006,0
62.99879185060827,5.3588702961667245,14.807435468674507,211.94216320448587,2707.093644165545,0
81.95046628924842,8.11112400462496,15.275257453345118,218.68670239841916,2223.696968534488,1
54.76813095216225,3.620923112620365,15.756721189280032,218.31806527294432,1749.3829461048936,0
64.41078152728412,1.2045687158805052,14.651312870634126,224.80152398140734,1775.7285817360694,0
73.7721187506452,4.570993667179834,15.644139549511578,222.31241812033426,2119.2774768868694,0
85.65524029234341,6.651439452497857,19.734354172686555,214.1031543918369,1354.7192890268907,1
69.34249738927012,7.937521181330891,17.956349056845657,220.8612719320552,1928.3705423179038,1
64.44800473306802,3.1556756083213746,17.60746377749069,223.35765585864527,2548.273559115127,0
88.8115706944059,5.745048834854782,13.633381421928387,227.64015679693915,904.3730744173595,1
55.51986099583756,4.30203431482992,12.332277515315027,224.43751983707028,2767.2410508972575,0
48.01194043379918,4.841077468543796,17.865901674713257,223.8042332715574,2561.1871093515797,0
74.40014450053333,8.966515020525552,17.628140377589382,220.3004299730758,1770.117692084762,1
64.97945775647389,2.74554450740727,19.418012027252946,221.94156002711725,2271.695413935905,0
59.787671828692865,5.38060949224186,13.188058122092311,226.2475245035308,2001.5738634531633,0
77.08356447299353,5.70153975764815,14.311354033918958,213.33611301260174,2614.9951842193414,0
72.43800713771199,6.628679487409021,10.081547512423697,218.25280336391523,2491.3415713849704,0
64.35921369263272,5.1469747302063436,13.82258668181738,216.1371562562188,1299.9646384084954,0
57.19695601329106,5.462075809256153,17.98971153173834,221.8957655936306,2293.6312067320882,0
78.72457328280144,4.412527148867313,13.600513862315406,226.15111087825395,1897.186073178376,0
76.50201177958661,5.403690411867661,16.921439385602472,217.01512856639462,2041.41628525905,0
69.00824136220618,4.485211586753884,14.428490682006565,208.0484781626528,1635.9140495150923,0
88.46636996047665,5.932357834784076,15.972171084664682,217.93889627487766,2874.068534560418,1
59.29915233673847,4.445584495934549,11.556925830552998,224.56736866008703,2520.030909951288,0
54.74474829075261,5.56565059085328,15.255628348901704,222.6881495147494,1630.1144180135163,0
63.080919301187556,4.956105779472533,6.02659208729783,222.1409312390529,1332.6946965448838,0
69.54413983644503,6.689075376158252,14.439311525514045,218.6000334906276,1807.1636845110759,0
72.43339449322691,4.922909414617271,10.10858026885458,213.60484631890108,2217.251323045653,0
67.5876394214367,2.340451297689678,18.61798354964045,222.57647160812235,2120.1029219731113,0
73.52055396514297,6.892882251070987,17.332222058293535,215.8285909498269,2626.5664123841216,0
57.48460575809556,3.641401548706072,16.400012945898244,230.92048366690227,2394.9598610904263,0
84.4376460407326,4.019350492026771,19.56301868147814,222.85253604177257,2484.7845128764534,0
69.17848821607431,4.106508058934762,12.153250437525488,217.09675848723023,2163.427700305219,0
81.17295831588127,7.061657139756226,20.242089593746677,216.94307376305687,1305.3506348945048,1
73.42725346377703,1.796488679031957,17.796574692781153,219.53527896693205,1902.1507344265492,0
74.56753219153784,9.70662280048999,14.290334138343162,218.80249038989126,2530.0448699543326,1
75.69767280232205,6.584085213599078,18.406860441548833,225.58416887764977,1974.238535737677,0
74.47708560017315,5.334858371193739,11.681119462765096,220.93208084872023,2251.5451843118735,0
76.42722759867544,4.91765899907557,12.526457515416979,216.34184130545736,1840.6258423769334,0
83.29152530132431,5.428331112286485,13.174230830280898,229.45220342577892,1485.0940757290775,0
71.9652116970147,5.781683642569007,13.413066875807955,220.2465416576011,1938.3279679769448,0
77.09003757588512,5.967823378925085,11.830327071719243,223.84419837984447,2154.523721516327,0
69.10264305712774,5.833406699005173,18.669249201285975,216.9588674627762,1672.1561402692782,0
84.40117215449473,5.134371021882873,14.223436798890505,221.81557813872263,1882.1443775716657,0
63.2360769794073,4.7039923695390105,16.05751490507064,221.55554995571597,1530.2683790070087,0
88.00940432910815,4.773090074519732,13.288945900758959,210.55175353951924,2559.622458782048,1
69.59842049355656,4.707637579470979,9.538190098354448,230.0763755523032,1852.772121205983,0
55.69224897881952,6.700655145300597,15.810172075174266,226.45322230461272,2726.3777725630916,0
71.2810441491079,5.890335083421293,9.26323507374067,218.01402341927007,2764.3739252704545,0
63.18948342525119,0.5894170480035799,14.794097861743595,214.48865129772074,1959.477017639128,0
78.40643548988724,5.9838511647946415,10.895054883501569,221.73780806901777,1495.7756337263252,0
63.47376020697609,5.292104292078163,20.961827997692424,220.43348849707198,957.0510611333314,0
65.5381656678522,4.971936865331154,17.734088166524167,221.77834474281616,1263.9814634866043,0
51.10459269054469,4.417222320366672,15.317261373814441,220.95788698097044,1313.0825875506698,0
65.47693680750923,6.68616907997902,18.791120032964006,222.53120494652964,2689.234813730752,0
45.76120673371044,6.421289693184287,12.461052067602793,227.23652849695904,2057.912293613473,0
54.16097176514277,3.8406834982645863,16.63043813601028,222.84051602564324,2194.8022620459938,0
77.60414656144297,5.610578430686803,15.599431301156141,214.7517225054503,889.7894955324371,0
77.85800158650832,3.542514898188071,15.79206024400101,226.81281426356227,1401.0167853913692,0
74.25457561784965,2.9305727528166043,18.817060500320302,228.20307281744144,2443.5398882231434,0
60.33023856870787,4.059924163115053,17.197476308339407,235.76028367256043,2143.387056191293,0
69.5228864385802,6.293590208574138,15.86617098847507,214.382529833802,1926.3973606572013,0
69.96397460909432,6.42968756806413,10.035337691315112,221.21441006575137,2282.4211793000613,0
58.416353108074574,5.769628130145939,12.119861114161608,209.58950648405505,2817.8989030679077,0
85.0339830176715,6.087643680271996,14.631873199212828,222.76574578189604,1889.4787682314748,1
78.77362290575671,5.774267430672437,15.280117122829953,217.25899850916613,2034.6849013290348,0
67.79035826170336,4.037777607165571,11.609388825978229,229.61722897412477,2096.2984593656524,0
70.26885838994531,5.647883817010911,22.235030026735263,216.1269251499071,3196.054817636996,1
72.08382807947552,6.200614287841523,19.54918216576072,211.5540848101637,950.3218677904872,0
49.58265131575709,6.131436994720362,16.80635496117745,217.64368129648742,2341.611507394404,0
67.52822617479403,6.783370057211965,15.216110583851234,210.1225611439143,1942.598875620468,0
63.180157520022014,6.062455770801596,14.363373090296545,223.75549727253656,2283.38586309209,0
59.983799901050844,5.527172311312374,12.144244619933293,209.6745847687184,1671.3137230026377,0
67.18899707114045,6.605225357474641,15.232441555556587,220.1422879059158,1975.517484570775,0
87.97686526849523,4.96021811112641,15.773257620428252,209.61094090071902,2355.7052897327476,1
76.4084286126701,3.6771880231584233,11.274718273555127,218.3985109773168,3556.4551005219205,1
64.28821010217203,4.755399554084354,16.002529251734693,228.21689077902266,2404.018094701036,0
75.72582781356158,3.8826460327903263,14.534222853525753,221.80323945717896,1575.9672009847457,0
